hgvs	count
p.(G2C)	34
p.(G2D)	37
p.(G2S)	41
p.(G2Q)	33
p.(G2M)	41
p.(G2N)	10
p.(G2P)	42
p.(G2K)	10
p.(G2T)	37
p.(G2F)	22
p.(G2A)	36
p.(G2G)	87
p.(G2I)	12
p.(G2L)	43
p.(G2H)	31
p.(G2R)	31
p.(G2W)	43
p.(G2V)	18
p.(G2E)	29
p.(G2Y)	21
p.(P3C)	31
p.(P3D)	29
p.(P3S)	39
p.(P3Q)	44
p.(P3M)	37
p.(P3N)	30
p.(P3P)	66
p.(P3K)	32
p.(P3T)	27
p.(P3F)	33
p.(P3A)	57
p.(P3G)	45
p.(P3I)	39
p.(P3L)	21
p.(P3H)	29
p.(P3R)	30
p.(P3W)	34
p.(P3V)	38
p.(P3E)	30
p.(P3Y)	50
p.(N4C)	52
p.(N4D)	43
p.(N4S)	24
p.(N4Q)	35
p.(N4M)	29
p.(N4P)	42
p.(N4K)	37
p.(N4T)	34
p.(N4F)	43
p.(N4A)	53
p.(N4G)	32
p.(N4I)	64
p.(N4L)	48
p.(N4H)	51
p.(N4R)	33
p.(N4W)	38
p.(N4V)	32
p.(N4E)	31
p.(N4Y)	74
p.(P5C)	49
p.(P5D)	34
p.(P5S)	78
p.(P5Q)	11
p.(P5M)	58
p.(P5N)	34
p.(P5P)	72
p.(P5K)	7
p.(P5T)	83
p.(P5F)	44
p.(P5A)	54
p.(P5G)	69
p.(P5I)	24
p.(P5L)	53
p.(P5H)	56
p.(P5R)	61
p.(P5W)	48
p.(P5V)	47
p.(P5E)	34
p.(P5Y)	27
p.(M6C)	0
p.(M6D)	64
p.(M6S)	65
p.(M6Q)	44
p.(M6N)	52
p.(M6P)	79
p.(M6K)	78
p.(M6T)	54
p.(M6F)	50
p.(M6A)	58
p.(M6G)	26
p.(M6I)	48
p.(M6L)	36
p.(M6H)	65
p.(M6R)	85
p.(M6W)	54
p.(M6V)	58
p.(M6E)	76
p.(M6Y)	59
p.(K7C)	82
p.(K7D)	93
p.(K7S)	43
p.(K7Q)	86
p.(K7M)	74
p.(K7N)	72
p.(K7P)	85
p.(K7T)	72
p.(K7F)	69
p.(K7A)	74
p.(K7G)	101
p.(K7I)	95
p.(K7L)	101
p.(K7H)	53
p.(K7R)	75
p.(K7W)	64
p.(K7V)	56
p.(K7E)	30
p.(K7Y)	79
p.(M8C)	37
p.(M8D)	6
p.(M8S)	30
p.(M8Q)	17
p.(M8N)	77
p.(M8P)	32
p.(M8K)	60
p.(M8T)	34
p.(M8F)	38
p.(M8A)	9
p.(M8G)	20
p.(M8I)	59
p.(M8L)	13
p.(M8H)	35
p.(M8R)	45
p.(M8W)	18
p.(M8V)	7
p.(M8E)	6
p.(M8Y)	24
p.(Y9C)	80
p.(Y9D)	66
p.(Y9S)	49
p.(Y9Q)	50
p.(Y9M)	52
p.(Y9N)	27
p.(Y9P)	49
p.(Y9K)	38
p.(Y9T)	43
p.(Y9F)	29
p.(Y9A)	45
p.(Y9G)	46
p.(Y9I)	51
p.(Y9L)	57
p.(Y9H)	79
p.(Y9R)	70
p.(Y9W)	47
p.(Y9V)	31
p.(Y9E)	61
p.(Y9Y)	72
p.(P10C)	42
p.(P10D)	53
p.(P10S)	51
p.(P10Q)	40
p.(P10M)	41
p.(P10N)	42
p.(P10P)	47
p.(P10K)	46
p.(P10T)	61
p.(P10F)	23
p.(P10A)	72
p.(P10G)	82
p.(P10I)	22
p.(P10L)	57
p.(P10H)	9
p.(P10R)	50
p.(P10W)	66
p.(P10V)	74
p.(P10E)	52
p.(P10Y)	45
p.(I11C)	65
p.(I11D)	62
p.(I11S)	51
p.(I11Q)	52
p.(I11M)	67
p.(I11N)	74
p.(I11P)	69
p.(I11K)	48
p.(I11T)	32
p.(I11F)	34
p.(I11A)	55
p.(I11G)	46
p.(I11L)	46
p.(I11H)	57
p.(I11R)	51
p.(I11W)	68
p.(I11V)	53
p.(I11E)	48
p.(I11Y)	38
p.(E12C)	64
p.(E12D)	91
p.(E12S)	52
p.(E12Q)	61
p.(E12M)	49
p.(E12N)	33
p.(E12P)	45
p.(E12K)	52
p.(E12T)	72
p.(E12F)	36
p.(E12A)	44
p.(E12G)	42
p.(E12I)	28
p.(E12L)	31
p.(E12H)	48
p.(E12R)	39
p.(E12W)	46
p.(E12V)	42
p.(E12E)	48
p.(E12Y)	52
p.(G13C)	52
p.(G13D)	34
p.(G13S)	48
p.(G13Q)	44
p.(G13M)	55
p.(G13N)	34
p.(G13P)	33
p.(G13K)	27
p.(G13T)	57
p.(G13F)	19
p.(G13A)	71
p.(G13G)	94
p.(G13I)	85
p.(G13L)	57
p.(G13H)	44
p.(G13R)	48
p.(G13W)	65
p.(G13V)	83
p.(G13E)	83
p.(G13Y)	64
p.(N14C)	46
p.(N14D)	50
p.(N14S)	57
p.(N14Q)	54
p.(N14M)	48
p.(N14N)	81
p.(N14P)	72
p.(N14K)	54
p.(N14T)	77
p.(N14F)	81
p.(N14A)	45
p.(N14G)	76
p.(N14I)	94
p.(N14L)	75
p.(N14H)	58
p.(N14R)	63
p.(N14W)	64
p.(N14V)	72
p.(N14E)	54
p.(N14Y)	58
p.(K15C)	66
p.(K15D)	60
p.(K15S)	58
p.(K15Q)	48
p.(K15M)	52
p.(K15N)	81
p.(K15P)	65
p.(K15T)	78
p.(K15F)	51
p.(K15A)	64
p.(K15G)	63
p.(K15I)	66
p.(K15L)	73
p.(K15H)	61
p.(K15R)	40
p.(K15W)	56
p.(K15V)	72
p.(K15E)	79
p.(K15Y)	63
p.(S16C)	69
p.(S16D)	66
p.(S16S)	68
p.(S16Q)	44
p.(S16M)	53
p.(S16N)	47
p.(S16P)	67
p.(S16K)	42
p.(S16T)	70
p.(S16F)	59
p.(S16A)	81
p.(S16G)	58
p.(S16I)	63
p.(S16L)	101
p.(S16H)	82
p.(S16R)	88
p.(S16W)	80
p.(S16V)	77
p.(S16E)	54
p.(S16Y)	60
p.(V17C)	56
p.(V17D)	77
p.(V17S)	39
p.(V17Q)	53
p.(V17M)	0
p.(V17P)	58
p.(V17K)	0
p.(V17T)	0
p.(V17F)	73
p.(V17A)	148
p.(V17G)	75
p.(V17I)	0
p.(V17L)	37
p.(V17H)	56
p.(V17R)	24
p.(V17W)	66
p.(V17E)	62
p.(V17Y)	70
p.(Q18C)	70
p.(Q18D)	77
p.(Q18S)	64
p.(Q18M)	35
p.(Q18N)	71
p.(Q18P)	70
p.(Q18K)	68
p.(Q18T)	47
p.(Q18F)	79
p.(Q18A)	48
p.(Q18G)	60
p.(Q18I)	61
p.(Q18L)	51
p.(Q18H)	76
p.(Q18R)	75
p.(Q18W)	50
p.(Q18V)	75
p.(Q18E)	55
p.(Q18Y)	101
p.(F19C)	60
p.(F19D)	71
p.(F19S)	81
p.(F19Q)	73
p.(F19M)	48
p.(F19N)	49
p.(F19P)	62
p.(F19K)	68
p.(F19T)	80
p.(F19F)	55
p.(F19A)	70
p.(F19G)	102
p.(F19I)	49
p.(F19L)	41
p.(F19H)	76
p.(F19R)	64
p.(F19W)	57
p.(F19V)	67
p.(F19E)	74
p.(F19Y)	105
p.(I20C)	55
p.(I20D)	64
p.(I20S)	50
p.(I20Q)	72
p.(I20M)	54
p.(I20N)	82
p.(I20P)	60
p.(I20K)	72
p.(I20T)	85
p.(I20F)	77
p.(I20A)	61
p.(I20G)	90
p.(I20L)	72
p.(I20H)	84
p.(I20R)	89
p.(I20W)	65
p.(I20V)	83
p.(I20E)	83
p.(I20Y)	50
p.(K21C)	66
p.(K21D)	49
p.(K21S)	49
p.(K21Q)	66
p.(K21M)	70
p.(K21N)	74
p.(K21P)	77
p.(K21T)	75
p.(K21F)	63
p.(K21A)	102
p.(K21G)	69
p.(K21I)	79
p.(K21L)	60
p.(K21H)	113
p.(K21R)	66
p.(K21W)	66
p.(K21V)	61
p.(K21E)	122
p.(K21Y)	92
p.(P22C)	104
p.(P22D)	102
p.(P22S)	83
p.(P22Q)	92
p.(P22M)	100
p.(P22N)	57
p.(P22P)	93
p.(P22K)	57
p.(P22T)	57
p.(P22F)	56
p.(P22A)	103
p.(P22G)	66
p.(P22I)	85
p.(P22L)	133
p.(P22H)	114
p.(P22R)	67
p.(P22W)	90
p.(P22V)	77
p.(P22E)	73
p.(P22Y)	82
p.(I23C)	70
p.(I23D)	71
p.(I23S)	90
p.(I23Q)	66
p.(I23M)	68
p.(I23N)	71
p.(I23P)	54
p.(I23K)	74
p.(I23T)	82
p.(I23F)	84
p.(I23A)	82
p.(I23G)	58
p.(I23I)	106
p.(I23L)	67
p.(I23H)	64
p.(I23R)	53
p.(I23W)	97
p.(I23V)	66
p.(I23E)	70
p.(I23Y)	63
p.(L24C)	62
p.(L24D)	79
p.(L24S)	58
p.(L24Q)	78
p.(L24M)	81
p.(L24N)	74
p.(L24P)	54
p.(L24K)	65
p.(L24T)	92
p.(L24F)	86
p.(L24A)	71
p.(L24G)	71
p.(L24I)	66
p.(L24L)	53
p.(L24H)	62
p.(L24R)	72
p.(L24W)	66
p.(L24V)	71
p.(L24E)	79
p.(L24Y)	78
p.(E25C)	105
p.(E25D)	87
p.(E25S)	69
p.(E25Q)	70
p.(E25M)	71
p.(E25N)	56
p.(E25P)	65
p.(E25K)	67
p.(E25T)	51
p.(E25F)	78
p.(E25A)	78
p.(E25G)	180
p.(E25I)	61
p.(E25L)	76
p.(E25H)	55
p.(E25R)	73
p.(E25W)	44
p.(E25V)	71
p.(E25E)	83
p.(E25Y)	77
p.(K26C)	113
p.(K26D)	72
p.(K26S)	102
p.(K26Q)	75
p.(K26M)	106
p.(K26N)	103
p.(K26P)	57
p.(K26K)	85
p.(K26T)	84
p.(K26F)	65
p.(K26A)	63
p.(K26G)	109
p.(K26I)	88
p.(K26L)	75
p.(K26H)	52
p.(K26R)	77
p.(K26W)	128
p.(K26V)	94
p.(K26E)	93
p.(K26Y)	66
p.(L27C)	97
p.(L27D)	66
p.(L27S)	104
p.(L27Q)	76
p.(L27M)	67
p.(L27N)	65
p.(L27P)	155
p.(L27K)	51
p.(L27T)	69
p.(L27F)	67
p.(L27A)	72
p.(L27G)	53
p.(L27I)	84
p.(L27L)	101
p.(L27H)	78
p.(L27R)	78
p.(L27W)	65
p.(L27V)	85
p.(L27E)	70
p.(L27Y)	70
p.(E28C)	58
p.(E28D)	86
p.(E28S)	74
p.(E28Q)	80
p.(E28M)	72
p.(E28N)	79
p.(E28P)	76
p.(E28K)	100
p.(E28T)	85
p.(E28F)	77
p.(E28A)	71
p.(E28G)	140
p.(E28I)	72
p.(E28L)	87
p.(E28H)	32
p.(E28R)	88
p.(E28W)	93
p.(E28V)	100
p.(E28E)	61
p.(E28Y)	103
p.(N29C)	82
p.(N29D)	114
p.(N29S)	123
p.(N29Q)	68
p.(N29M)	95
p.(N29N)	67
p.(N29P)	88
p.(N29K)	90
p.(N29T)	103
p.(N29F)	70
p.(N29A)	92
p.(N29G)	70
p.(N29I)	74
p.(N29L)	90
p.(N29H)	65
p.(N29R)	72
p.(N29W)	101
p.(N29V)	83
p.(N29E)	65
p.(N29Y)	88
p.(V30C)	92
p.(V30D)	67
p.(V30S)	59
p.(V30Q)	83
p.(V30M)	66
p.(V30N)	57
p.(V30P)	66
p.(V30K)	79
p.(V30T)	71
p.(V30F)	102
p.(V30A)	118
p.(V30G)	87
p.(V30I)	103
p.(V30L)	82
p.(V30H)	43
p.(V30R)	85
p.(V30W)	61
p.(V30V)	125
p.(V30E)	85
p.(V30Y)	80
p.(E31C)	73
p.(E31D)	133
p.(E31S)	75
p.(E31Q)	95
p.(E31M)	90
p.(E31N)	94
p.(E31P)	68
p.(E31K)	63
p.(E31T)	94
p.(E31F)	74
p.(E31A)	117
p.(E31G)	161
p.(E31I)	84
p.(E31L)	92
p.(E31H)	59
p.(E31R)	73
p.(E31W)	85
p.(E31V)	60
p.(E31Y)	68
p.(V32C)	68
p.(V32D)	99
p.(V32S)	59
p.(V32Q)	107
p.(V32M)	86
p.(V32N)	59
p.(V32P)	62
p.(V32K)	78
p.(V32T)	5
p.(V32F)	99
p.(V32A)	81
p.(V32G)	64
p.(V32I)	87
p.(V32L)	90
p.(V32H)	42
p.(V32R)	118
p.(V32W)	83
p.(V32V)	143
p.(V32E)	88
p.(V32Y)	84
p.(G33C)	83
p.(G33D)	111
p.(G33S)	94
p.(G33Q)	75
p.(G33M)	75
p.(G33N)	90
p.(G33P)	94
p.(G33K)	72
p.(G33T)	87
p.(G33F)	47
p.(G33A)	105
p.(G33G)	146
p.(G33I)	94
p.(G33L)	69
p.(G33H)	84
p.(G33R)	93
p.(G33W)	89
p.(G33V)	76
p.(G33E)	102
p.(G33Y)	97
p.(E34C)	66
p.(E34D)	97
p.(E34S)	99
p.(E34Q)	67
p.(E34M)	99
p.(E34N)	91
p.(E34P)	95
p.(E34K)	107
p.(E34T)	57
p.(E34F)	71
p.(E34A)	65
p.(E34G)	93
p.(E34I)	116
p.(E34L)	119
p.(E34H)	44
p.(E34R)	98
p.(E34W)	102
p.(E34V)	132
p.(E34E)	113
p.(E34Y)	86
p.(Y35C)	112
p.(Y35D)	96
p.(Y35S)	96
p.(Y35Q)	101
p.(Y35M)	103
p.(Y35N)	104
p.(Y35P)	83
p.(Y35K)	96
p.(Y35T)	64
p.(Y35F)	119
p.(Y35A)	86
p.(Y35G)	102
p.(Y35I)	76
p.(Y35L)	84
p.(Y35H)	67
p.(Y35R)	81
p.(Y35W)	86
p.(Y35V)	0
p.(Y35E)	85
p.(S36C)	97
p.(S36D)	95
p.(S36S)	113
p.(S36Q)	104
p.(S36M)	109
p.(S36N)	90
p.(S36P)	83
p.(S36K)	123
p.(S36T)	70
p.(S36F)	93
p.(S36A)	101
p.(S36G)	92
p.(S36I)	89
p.(S36L)	98
p.(S36H)	72
p.(S36R)	103
p.(S36W)	117
p.(S36V)	111
p.(S36E)	94
p.(S36Y)	110
p.(Y37C)	183
p.(Y37D)	92
p.(Y37S)	89
p.(Y37Q)	74
p.(Y37M)	157
p.(Y37N)	113
p.(Y37P)	63
p.(Y37K)	112
p.(Y37T)	108
p.(Y37F)	82
p.(Y37A)	90
p.(Y37G)	63
p.(Y37I)	96
p.(Y37L)	100
p.(Y37H)	58
p.(Y37R)	90
p.(Y37W)	110
p.(Y37V)	96
p.(Y37E)	88
p.(Y37Y)	88
p.(Y38C)	120
p.(Y38D)	148
p.(Y38S)	106
p.(Y38Q)	67
p.(Y38M)	122
p.(Y38N)	94
p.(Y38P)	96
p.(Y38K)	108
p.(Y38T)	77
p.(Y38F)	83
p.(Y38A)	121
p.(Y38G)	92
p.(Y38I)	120
p.(Y38L)	84
p.(Y38H)	136
p.(Y38R)	138
p.(Y38W)	118
p.(Y38V)	122
p.(Y38E)	105
p.(D39C)	153
p.(D39D)	147
p.(D39S)	147
p.(D39Q)	63
p.(D39M)	79
p.(D39N)	103
p.(D39P)	115
p.(D39K)	108
p.(D39T)	100
p.(D39F)	121
p.(D39A)	44
p.(D39G)	168
p.(D39I)	75
p.(D39L)	99
p.(D39H)	102
p.(D39R)	89
p.(D39W)	134
p.(D39V)	127
p.(D39E)	96
p.(D39Y)	202
p.(S40C)	113
p.(S40D)	127
p.(S40S)	176
p.(S40Q)	107
p.(S40M)	143
p.(S40N)	122
p.(S40P)	91
p.(S40K)	91
p.(S40T)	111
p.(S40F)	89
p.(S40A)	92
p.(S40G)	140
p.(S40I)	128
p.(S40L)	149
p.(S40H)	85
p.(S40R)	89
p.(S40W)	139
p.(S40V)	123
p.(S40E)	113
p.(S40Y)	142
p.(K41C)	94
p.(K41D)	116
p.(K41S)	117
p.(K41Q)	93
p.(K41M)	101
p.(K41N)	107
p.(K41P)	80
p.(K41K)	140
p.(K41T)	84
p.(K41F)	110
p.(K41A)	84
p.(K41G)	95
p.(K41I)	80
p.(K41L)	87
p.(K41H)	85
p.(K41R)	73
p.(K41W)	106
p.(K41V)	104
p.(K41E)	202
p.(K41Y)	120
p.(G2_P3insGS)	0
p.(G2_P3insGSG)	155
p.(P3_N4insG)	126
p.(P3_N4insGS)	0
p.(P3_N4insGSG)	154
p.(N4_P5insG)	242
p.(N4_P5insGS)	105
p.(N4_P5insGSG)	139
p.(P5_M6insG)	193
p.(P5_M6insGS)	261
p.(P5_M6insGSG)	128
p.(M6_K7insG)	163
p.(M6_K7insGS)	30
p.(M6_K7insGSG)	101
p.(K7_M8insG)	21
p.(K7_M8insGS)	61
p.(K7_M8insGSG)	40
p.(M8_Y9insG)	79
p.(M8_Y9insGS)	188
p.(M8_Y9insGSG)	117
p.(Y9_P10insG)	187
p.(Y9_P10insGS)	220
p.(Y9_P10insGSG)	95
p.(P10_I11insG)	126
p.(P10_I11insGS)	188
p.(P10_I11insGSG)	141
p.(I11_E12insG)	140
p.(I11_E12insGS)	155
p.(I11_E12insGSG)	135
p.(E12_G13insG)	160
p.(E12_G13insGS)	247
p.(E12_G13insGSG)	142
p.(G13_N14insG)	175
p.(G13_N14insGS)	260
p.(G13_N14insGSG)	158
p.(N14_K15insG)	179
p.(N14_K15insGS)	242
p.(N14_K15insGSG)	121
p.(K15_S16insG)	242
p.(K15_S16insGS)	215
p.(K15_S16insGSG)	120
p.(S16_V17insG)	154
p.(S16_V17insGS)	267
p.(S16_V17insGSG)	182
p.(V17_Q18insG)	204
p.(V17_Q18insGS)	258
p.(V17_Q18insGSG)	144
p.(Q18_F19insG)	229
p.(Q18_F19insGS)	364
p.(Q18_F19insGSG)	177
p.(F19_I20insG)	252
p.(F19_I20insGS)	250
p.(F19_I20insGSG)	185
p.(I20_K21insG)	234
p.(I20_K21insGS)	284
p.(I20_K21insGSG)	205
p.(K21_P22insG)	198
p.(K21_P22insGS)	313
p.(K21_P22insGSG)	135
p.(P22_I23insG)	229
p.(P22_I23insGS)	319
p.(P22_I23insGSG)	173
p.(I23_L24insG)	174
p.(I23_L24insGS)	311
p.(I23_L24insGSG)	179
p.(L24_E25insG)	206
p.(L24_E25insGS)	254
p.(L24_E25insGSG)	164
p.(E25_K26insG)	217
p.(E25_K26insGS)	296
p.(E25_K26insGSG)	125
p.(K26_L27insG)	232
p.(K26_L27insGS)	281
p.(K26_L27insGSG)	162
p.(L27_E28insG)	252
p.(L27_E28insGS)	302
p.(L27_E28insGSG)	160
p.(E28_N29insG)	234
p.(E28_N29insGS)	328
p.(E28_N29insGSG)	159
p.(N29_V30insG)	235
p.(N29_V30insGS)	204
p.(N29_V30insGSG)	118
p.(V30_E31insG)	255
p.(V30_E31insGS)	250
p.(V30_E31insGSG)	162
p.(E31_V32insG)	312
p.(E31_V32insGS)	323
p.(E31_V32insGSG)	132
p.(V32_G33insG)	504
p.(V32_G33insGS)	266
p.(V32_G33insGSG)	178
p.(G33_E34insGS)	339
p.(G33_E34insGSG)	186
p.(E34_Y35insG)	270
p.(E34_Y35insGS)	291
p.(E34_Y35insGSG)	149
p.(Y35_S36insG)	268
p.(Y35_S36insGS)	359
p.(Y35_S36insGSG)	161
p.(S36_Y37insG)	272
p.(S36_Y37insGS)	329
p.(S36_Y37insGSG)	188
p.(Y37_Y38insG)	321
p.(Y37_Y38insGS)	330
p.(Y37_Y38insGSG)	241
p.(Y38_D39insG)	263
p.(Y38_D39insGS)	441
p.(Y38_D39insGSG)	181
p.(D39_S40insG)	411
p.(D39_S40insGS)	554
p.(D39_S40insGSG)	262
p.(S40_K41insG)	357
p.(S40_K41insGS)	469
p.(S40_K41insGSG)	234
p.(K41_N42insG)	201
p.(K41_N42insGS)	184
p.(K41_N42insGSG)	173
p.(G2del)	213
p.(G2_P3del)	3
p.(G2_N4del)	243
p.(P3del)	211
p.(P3_N4del)	10
p.(P3_P5del)	340
p.(N4del)	264
p.(N4_P5del)	115
p.(N4_M6del)	299
p.(P5del)	191
p.(P5_M6del)	114
p.(P5_K7del)	387
p.(M6del)	231
p.(M6_K7del)	294
p.(M6_M8del)	462
p.(K7del)	279
p.(K7_Y9del)	344
p.(M8del)	69
p.(M8_Y9del)	53
p.(M8_P10del)	357
p.(Y9del)	136
p.(Y9_P10del)	72
p.(Y9_I11del)	290
p.(P10del)	127
p.(P10_I11del)	104
p.(P10_E12del)	277
p.(I11del)	232
p.(I11_E12del)	106
p.(I11_G13del)	315
p.(E12del)	196
p.(E12_G13del)	97
p.(E12_N14del)	228
p.(G13del)	204
p.(G13_N14del)	128
p.(G13_K15del)	318
p.(N14del)	180
p.(N14_K15del)	133
p.(N14_S16del)	328
p.(K15del)	206
p.(K15_S16del)	112
p.(K15_V17del)	389
p.(S16del)	263
p.(S16_V17del)	115
p.(S16_Q18del)	372
p.(V17del)	278
p.(V17_Q18del)	128
p.(V17_F19del)	3
p.(Q18del)	269
p.(Q18_F19del)	137
p.(Q18_I20del)	356
p.(F19del)	268
p.(F19_I20del)	171
p.(F19_K21del)	480
p.(I20del)	228
p.(I20_K21del)	147
p.(I20_P22del)	957
p.(K21del)	316
p.(K21_P22del)	151
p.(P22del)	244
p.(P22_I23del)	120
p.(P22_L24del)	377
p.(I23del)	251
p.(I23_L24del)	200
p.(I23_E25del)	378
p.(L24del)	258
p.(L24_E25del)	155
p.(L24_K26del)	249
p.(E25del)	290
p.(E25_K26del)	162
p.(K26del)	300
p.(K26_L27del)	134
p.(K26_E28del)	0
p.(L27del)	296
p.(L27_E28del)	152
p.(L27_N29del)	369
p.(E28del)	280
p.(E28_N29del)	164
p.(E28_V30del)	817
p.(N29del)	325
p.(N29_V30del)	159
p.(V30del)	216
p.(V30_E31del)	149
p.(V30_V32del)	311
p.(E31del)	261
p.(E31_V32del)	149
p.(E31_G33del)	769
p.(V32del)	328
p.(V32_G33del)	177
p.(V32_E34del)	6
p.(G33del)	260
p.(G33_E34del)	197
p.(G33_Y35del)	417
p.(E34del)	313
p.(E34_Y35del)	154
p.(E34_S36del)	426
p.(Y35del)	290
p.(Y35_S36del)	324
p.(Y35_Y37del)	477
p.(S36del)	401
p.(S36_Y37del)	4
p.(S36_Y38del)	576
p.(Y37del)	309
p.(Y37_Y38del)	173
p.(Y37_D39del)	470
p.(Y38del)	435
p.(Y38_D39del)	157
p.(Y38_S40del)	553
p.(D39del)	390
p.(D39_S40del)	217
p.(D39_K41del)	506
p.(S40del)	379
p.(S40_K41del)	238
p.(S40_N42del)	793
p.(K41del)	434
p.(K41_N42del)	462
p.(K41_G43del)	636
p.(N42C)	211
p.(N42D)	209
p.(N42S)	244
p.(N42Q)	228
p.(N42M)	191
p.(N42P)	155
p.(N42K)	184
p.(N42T)	203
p.(N42F)	175
p.(N42A)	145
p.(N42G)	227
p.(N42I)	170
p.(N42L)	159
p.(N42H)	103
p.(N42R)	144
p.(N42W)	171
p.(N42V)	124
p.(N42E)	144
p.(N42Y)	130
p.(G43C)	201
p.(G43D)	169
p.(G43S)	189
p.(G43Q)	117
p.(G43M)	246
p.(G43N)	188
p.(G43P)	135
p.(G43K)	168
p.(G43T)	231
p.(G43F)	126
p.(G43A)	149
p.(G43I)	139
p.(G43L)	176
p.(G43H)	102
p.(G43R)	142
p.(G43W)	197
p.(G43V)	219
p.(G43E)	188
p.(G43Y)	182
p.(E44C)	163
p.(E44D)	150
p.(E44S)	233
p.(E44Q)	223
p.(E44M)	242
p.(E44N)	194
p.(E44P)	101
p.(E44K)	216
p.(E44T)	184
p.(E44F)	171
p.(E44A)	194
p.(E44G)	169
p.(E44I)	204
p.(E44L)	304
p.(E44H)	109
p.(E44R)	174
p.(E44W)	194
p.(E44V)	142
p.(E44Y)	215
p.(T45C)	179
p.(T45D)	220
p.(T45S)	176
p.(T45Q)	136
p.(T45M)	121
p.(T45N)	174
p.(T45P)	175
p.(T45K)	157
p.(T45F)	245
p.(T45A)	123
p.(T45G)	139
p.(T45I)	221
p.(T45L)	184
p.(T45H)	268
p.(T45R)	162
p.(T45W)	152
p.(T45V)	175
p.(T45E)	174
p.(T45Y)	178
p.(F46C)	153
p.(F46D)	219
p.(F46S)	164
p.(F46Q)	163
p.(F46M)	259
p.(F46N)	110
p.(F46P)	224
p.(F46K)	205
p.(F46T)	188
p.(F46F)	285
p.(F46A)	183
p.(F46G)	244
p.(F46I)	162
p.(F46L)	186
p.(F46H)	210
p.(F46R)	179
p.(F46W)	253
p.(F46V)	195
p.(F46E)	192
p.(F46Y)	154
p.(D47C)	190
p.(D47S)	149
p.(D47Q)	182
p.(D47M)	128
p.(D47N)	127
p.(D47P)	145
p.(D47K)	140
p.(D47T)	150
p.(D47F)	176
p.(D47A)	169
p.(D47G)	182
p.(D47I)	161
p.(D47L)	149
p.(D47H)	122
p.(D47R)	214
p.(D47W)	181
p.(D47V)	142
p.(D47E)	195
p.(D47Y)	98
p.(K48C)	199
p.(K48D)	212
p.(K48S)	189
p.(K48Q)	138
p.(K48M)	152
p.(K48N)	153
p.(K48P)	250
p.(K48K)	245
p.(K48T)	166
p.(K48F)	134
p.(K48A)	273
p.(K48G)	241
p.(K48I)	153
p.(K48L)	168
p.(K48H)	220
p.(K48R)	238
p.(K48W)	253
p.(K48V)	172
p.(K48E)	191
p.(K48Y)	91
p.(Q49C)	134
p.(Q49D)	157
p.(Q49S)	103
p.(Q49M)	133
p.(Q49N)	148
p.(Q49P)	197
p.(Q49K)	133
p.(Q49T)	90
p.(Q49F)	156
p.(Q49A)	142
p.(Q49G)	150
p.(Q49I)	86
p.(Q49L)	176
p.(Q49H)	207
p.(Q49R)	166
p.(Q49W)	200
p.(Q49V)	186
p.(Q49E)	159
p.(Q49Y)	168
p.(I50C)	146
p.(I50D)	142
p.(I50S)	133
p.(I50Q)	99
p.(I50M)	163
p.(I50N)	174
p.(I50P)	181
p.(I50K)	215
p.(I50T)	94
p.(I50F)	142
p.(I50A)	171
p.(I50G)	143
p.(I50L)	192
p.(I50H)	214
p.(I50R)	202
p.(I50W)	117
p.(I50V)	122
p.(I50E)	137
p.(I50Y)	128
p.(L51C)	238
p.(L51D)	279
p.(L51S)	263
p.(L51Q)	233
p.(L51M)	298
p.(L51N)	146
p.(L51P)	261
p.(L51K)	154
p.(L51T)	200
p.(L51F)	149
p.(L51A)	162
p.(L51G)	211
p.(L51I)	203
p.(L51L)	221
p.(L51H)	213
p.(L51R)	214
p.(L51W)	296
p.(L51V)	207
p.(L51E)	152
p.(L51Y)	210
p.(Y52C)	201
p.(Y52D)	214
p.(Y52S)	151
p.(Y52Q)	180
p.(Y52M)	131
p.(Y52N)	158
p.(Y52P)	119
p.(Y52K)	201
p.(Y52T)	151
p.(Y52F)	146
p.(Y52A)	157
p.(Y52G)	158
p.(Y52I)	173
p.(Y52L)	160
p.(Y52H)	152
p.(Y52R)	200
p.(Y52W)	141
p.(Y52V)	199
p.(Y52E)	175
p.(Y52Y)	131
p.(H53C)	150
p.(H53D)	218
p.(H53S)	136
p.(H53Q)	225
p.(H53M)	213
p.(H53N)	280
p.(H53P)	284
p.(H53K)	153
p.(H53T)	314
p.(H53F)	132
p.(H53A)	226
p.(H53G)	159
p.(H53I)	161
p.(H53L)	186
p.(H53H)	198
p.(H53R)	150
p.(H53W)	192
p.(H53V)	215
p.(H53E)	194
p.(H53Y)	197
p.(Y54C)	167
p.(Y54D)	186
p.(Y54S)	175
p.(Y54Q)	138
p.(Y54M)	219
p.(Y54N)	122
p.(Y54P)	383
p.(Y54K)	166
p.(Y54T)	144
p.(Y54F)	240
p.(Y54A)	237
p.(Y54G)	218
p.(Y54I)	157
p.(Y54L)	179
p.(Y54H)	208
p.(Y54R)	162
p.(Y54W)	213
p.(Y54V)	176
p.(Y54E)	140
p.(Y54Y)	238
p.(P55C)	230
p.(P55D)	272
p.(P55S)	184
p.(P55Q)	134
p.(P55M)	118
p.(P55N)	323
p.(P55P)	305
p.(P55K)	192
p.(P55T)	309
p.(P55F)	194
p.(P55A)	226
p.(P55G)	294
p.(P55I)	279
p.(P55L)	238
p.(P55H)	237
p.(P55R)	211
p.(P55W)	280
p.(P55V)	185
p.(P55E)	178
p.(P55Y)	259
p.(I56C)	228
p.(I56D)	163
p.(I56S)	194
p.(I56Q)	114
p.(I56M)	194
p.(I56N)	175
p.(I56P)	108
p.(I56K)	167
p.(I56T)	169
p.(I56F)	154
p.(I56A)	200
p.(I56G)	186
p.(I56I)	228
p.(I56L)	185
p.(I56H)	199
p.(I56R)	155
p.(I56W)	159
p.(I56V)	170
p.(I56E)	127
p.(I56Y)	221
p.(L57C)	199
p.(L57D)	217
p.(L57S)	194
p.(L57Q)	197
p.(L57M)	167
p.(L57N)	175
p.(L57P)	282
p.(L57K)	153
p.(L57T)	140
p.(L57F)	132
p.(L57A)	203
p.(L57G)	201
p.(L57I)	118
p.(L57L)	148
p.(L57H)	189
p.(L57R)	203
p.(L57W)	169
p.(L57V)	140
p.(L57E)	149
p.(L57Y)	213
p.(N58C)	269
p.(N58D)	294
p.(N58S)	254
p.(N58Q)	211
p.(N58M)	144
p.(N58N)	204
p.(N58P)	140
p.(N58K)	161
p.(N58T)	166
p.(N58F)	248
p.(N58A)	153
p.(N58G)	228
p.(N58I)	181
p.(N58L)	153
p.(N58H)	262
p.(N58R)	219
p.(N58W)	187
p.(N58V)	154
p.(N58E)	158
p.(N58Y)	288
p.(D59C)	137
p.(D59S)	167
p.(D59Q)	144
p.(D59M)	195
p.(D59N)	194
p.(D59P)	252
p.(D59K)	238
p.(D59T)	203
p.(D59F)	194
p.(D59A)	193
p.(D59G)	238
p.(D59I)	189
p.(D59L)	183
p.(D59H)	172
p.(D59R)	259
p.(D59W)	137
p.(D59V)	133
p.(D59E)	212
p.(D59Y)	213
p.(K60C)	199
p.(K60D)	140
p.(K60S)	202
p.(K60Q)	287
p.(K60M)	302
p.(K60N)	277
p.(K60P)	164
p.(K60T)	175
p.(K60F)	189
p.(K60A)	205
p.(K60G)	178
p.(K60I)	172
p.(K60L)	260
p.(K60H)	133
p.(K60R)	152
p.(K60W)	320
p.(K60V)	205
p.(K60E)	224
p.(K60Y)	195
p.(L61C)	151
p.(L61D)	195
p.(L61S)	231
p.(L61Q)	161
p.(L61M)	169
p.(L61N)	213
p.(L61P)	195
p.(L61K)	144
p.(L61T)	223
p.(L61F)	190
p.(L61A)	241
p.(L61G)	281
p.(L61I)	131
p.(L61H)	169
p.(L61R)	118
p.(L61W)	253
p.(L61V)	192
p.(L61E)	133
p.(L61Y)	157
p.(K62C)	220
p.(K62D)	205
p.(K62S)	167
p.(K62Q)	180
p.(K62M)	284
p.(K62N)	138
p.(K62P)	325
p.(K62K)	281
p.(K62T)	279
p.(K62F)	209
p.(K62A)	298
p.(K62G)	177
p.(K62I)	166
p.(K62L)	265
p.(K62H)	156
p.(K62R)	199
p.(K62W)	240
p.(K62V)	283
p.(K62E)	165
p.(K62Y)	201
p.(I63C)	244
p.(I63D)	146
p.(I63S)	218
p.(I63Q)	272
p.(I63M)	241
p.(I63N)	194
p.(I63P)	210
p.(I63K)	139
p.(I63T)	174
p.(I63F)	155
p.(I63A)	151
p.(I63G)	186
p.(I63L)	169
p.(I63H)	187
p.(I63R)	184
p.(I63W)	169
p.(I63V)	223
p.(I63E)	208
p.(I63Y)	178
p.(G64C)	176
p.(G64D)	157
p.(G64S)	239
p.(G64Q)	164
p.(G64M)	210
p.(G64N)	149
p.(G64P)	143
p.(G64K)	132
p.(G64T)	241
p.(G64F)	200
p.(G64A)	207
p.(G64G)	267
p.(G64I)	195
p.(G64L)	216
p.(G64H)	219
p.(G64R)	253
p.(G64W)	177
p.(G64V)	156
p.(G64E)	202
p.(G64Y)	233
p.(K65C)	266
p.(K65D)	192
p.(K65S)	6
p.(K65Q)	254
p.(K65M)	213
p.(K65N)	222
p.(K65P)	326
p.(K65T)	316
p.(K65F)	336
p.(K65A)	285
p.(K65G)	205
p.(K65I)	230
p.(K65L)	241
p.(K65H)	173
p.(K65R)	256
p.(K65W)	237
p.(K65V)	237
p.(K65E)	249
p.(K65Y)	256
p.(F66C)	234
p.(F66D)	194
p.(F66S)	251
p.(F66Q)	283
p.(F66M)	172
p.(F66N)	146
p.(F66P)	181
p.(F66K)	207
p.(F66T)	209
p.(F66F)	222
p.(F66A)	138
p.(F66G)	234
p.(F66I)	133
p.(F66L)	229
p.(F66H)	183
p.(F66R)	247
p.(F66W)	187
p.(F66V)	201
p.(F66E)	162
p.(F66Y)	155
p.(C67D)	197
p.(C67S)	159
p.(C67Q)	295
p.(C67M)	165
p.(C67N)	171
p.(C67P)	189
p.(C67K)	227
p.(C67T)	202
p.(C67F)	143
p.(C67A)	163
p.(C67G)	171
p.(C67I)	203
p.(C67L)	217
p.(C67H)	160
p.(C67R)	298
p.(C67W)	164
p.(C67V)	218
p.(C67E)	165
p.(C67Y)	141
p.(S68C)	282
p.(S68D)	200
p.(S68S)	150
p.(S68Q)	136
p.(S68M)	164
p.(S68N)	197
p.(S68P)	138
p.(S68K)	144
p.(S68T)	142
p.(S68F)	165
p.(S68A)	203
p.(S68G)	234
p.(S68I)	241
p.(S68L)	167
p.(S68H)	177
p.(S68R)	167
p.(S68W)	178
p.(S68V)	174
p.(S68E)	175
p.(S68Y)	188
p.(I69C)	255
p.(I69D)	160
p.(I69S)	222
p.(I69Q)	222
p.(I69M)	215
p.(I69N)	164
p.(I69P)	241
p.(I69K)	214
p.(I69T)	220
p.(I69F)	203
p.(I69A)	195
p.(I69G)	158
p.(I69L)	187
p.(I69H)	177
p.(I69R)	189
p.(I69W)	162
p.(I69V)	186
p.(I69E)	249
p.(I69Y)	213
p.(G70C)	249
p.(G70D)	136
p.(G70S)	180
p.(G70Q)	169
p.(G70M)	268
p.(G70N)	170
p.(G70P)	211
p.(G70K)	125
p.(G70T)	254
p.(G70F)	162
p.(G70A)	203
p.(G70G)	180
p.(G70I)	176
p.(G70L)	235
p.(G70H)	165
p.(G70R)	224
p.(G70W)	198
p.(G70V)	236
p.(G70E)	215
p.(G70Y)	159
p.(P71C)	261
p.(P71D)	226
p.(P71S)	259
p.(P71Q)	232
p.(P71M)	156
p.(P71N)	220
p.(P71P)	274
p.(P71K)	209
p.(P71T)	168
p.(P71F)	180
p.(P71A)	166
p.(P71G)	229
p.(P71I)	189
p.(P71L)	207
p.(P71H)	172
p.(P71R)	222
p.(P71W)	227
p.(P71V)	210
p.(P71E)	278
p.(P71Y)	190
p.(G72C)	292
p.(G72D)	252
p.(G72S)	260
p.(G72Q)	210
p.(G72M)	195
p.(G72N)	228
p.(G72P)	192
p.(G72K)	206
p.(G72T)	163
p.(G72F)	192
p.(G72A)	200
p.(G72I)	202
p.(G72L)	129
p.(G72H)	125
p.(G72R)	203
p.(G72W)	262
p.(G72V)	206
p.(G72E)	206
p.(G72Y)	192
p.(V73C)	185
p.(V73D)	210
p.(V73S)	203
p.(V73Q)	155
p.(V73M)	188
p.(V73N)	169
p.(V73P)	169
p.(V73K)	196
p.(V73T)	224
p.(V73F)	251
p.(V73A)	157
p.(V73G)	255
p.(V73I)	175
p.(V73L)	202
p.(V73H)	151
p.(V73R)	230
p.(V73W)	257
p.(V73V)	173
p.(V73E)	243
p.(V73Y)	199
p.(T74C)	314
p.(T74D)	163
p.(T74S)	22
p.(T74Q)	178
p.(T74M)	244
p.(T74N)	153
p.(T74P)	177
p.(T74K)	216
p.(T74F)	191
p.(T74A)	279
p.(T74G)	156
p.(T74I)	239
p.(T74L)	154
p.(T74H)	192
p.(T74R)	201
p.(T74W)	205
p.(T74V)	164
p.(T74E)	156
p.(T74Y)	272
p.(I75C)	178
p.(I75D)	187
p.(I75S)	158
p.(I75Q)	209
p.(I75M)	231
p.(I75N)	188
p.(I75P)	288
p.(I75K)	176
p.(I75T)	266
p.(I75F)	136
p.(I75A)	180
p.(I75G)	162
p.(I75L)	172
p.(I75H)	170
p.(I75R)	225
p.(I75W)	246
p.(I75V)	264
p.(I75E)	152
p.(I75Y)	139
p.(I76C)	276
p.(I76D)	142
p.(I76S)	185
p.(I76Q)	224
p.(I76M)	188
p.(I76N)	192
p.(I76P)	174
p.(I76K)	164
p.(I76T)	196
p.(I76F)	134
p.(I76A)	189
p.(I76G)	209
p.(I76I)	179
p.(I76L)	220
p.(I76H)	178
p.(I76R)	226
p.(I76W)	193
p.(I76V)	184
p.(I76E)	154
p.(I76Y)	199
p.(M77C)	205
p.(M77D)	201
p.(M77S)	246
p.(M77Q)	207
p.(M77N)	146
p.(M77P)	189
p.(M77K)	131
p.(M77T)	225
p.(M77F)	192
p.(M77A)	196
p.(M77G)	208
p.(M77I)	211
p.(M77L)	172
p.(M77H)	200
p.(M77R)	167
p.(M77W)	275
p.(M77V)	157
p.(M77E)	201
p.(M77Y)	191
p.(N78C)	194
p.(N78D)	284
p.(N78S)	217
p.(N78Q)	215
p.(N78M)	186
p.(N78P)	161
p.(N78K)	198
p.(N78T)	180
p.(N78F)	172
p.(N78A)	212
p.(N78G)	242
p.(N78I)	282
p.(N78L)	217
p.(N78H)	265
p.(N78R)	181
p.(N78W)	222
p.(N78V)	186
p.(N78E)	199
p.(N78Y)	230
p.(G79C)	235
p.(G79D)	167
p.(G79S)	198
p.(G79Q)	197
p.(G79M)	208
p.(G79N)	168
p.(G79P)	247
p.(G79K)	181
p.(G79T)	232
p.(G79F)	225
p.(G79A)	275
p.(G79G)	322
p.(G79I)	239
p.(G79L)	288
p.(G79H)	250
p.(G79R)	268
p.(G79W)	198
p.(G79V)	159
p.(G79E)	192
p.(G79Y)	240
p.(A80C)	183
p.(A80D)	168
p.(A80S)	224
p.(A80Q)	211
p.(A80M)	172
p.(A80N)	173
p.(A80P)	310
p.(A80K)	132
p.(A80T)	253
p.(A80F)	220
p.(A80G)	268
p.(A80I)	236
p.(A80L)	180
p.(A80H)	240
p.(A80R)	257
p.(A80W)	245
p.(A80V)	185
p.(A80E)	181
p.(A80Y)	160
p.(N81C)	242
p.(N81D)	221
p.(N81S)	317
p.(N81Q)	254
p.(N81M)	266
p.(N81P)	277
p.(N81K)	262
p.(N81T)	277
p.(N81F)	175
p.(N81A)	203
p.(N81G)	163
p.(N81I)	253
p.(N81L)	258
p.(N81H)	237
p.(N81R)	301
p.(N81W)	301
p.(N81V)	220
p.(N81E)	201
p.(N81Y)	277
p.(H82C)	270
p.(H82D)	197
p.(H82S)	279
p.(H82Q)	280
p.(H82M)	242
p.(H82N)	202
p.(H82P)	219
p.(H82K)	102
p.(H82T)	191
p.(H82F)	155
p.(H82A)	170
p.(H82G)	204
p.(H82I)	208
p.(H82L)	280
p.(H82H)	194
p.(H82R)	210
p.(H82W)	224
p.(H82V)	201
p.(H82E)	209
p.(H82Y)	259
p.(R83C)	250
p.(R83D)	199
p.(R83S)	238
p.(R83Q)	212
p.(R83M)	219
p.(R83N)	261
p.(R83P)	196
p.(R83K)	260
p.(R83T)	173
p.(R83F)	182
p.(R83A)	255
p.(R83G)	340
p.(R83I)	204
p.(R83L)	186
p.(R83H)	282
p.(R83R)	250
p.(R83W)	232
p.(R83V)	236
p.(R83E)	186
p.(R83Y)	182
p.(M84C)	156
p.(M84D)	161
p.(M84S)	240
p.(M84Q)	292
p.(M84N)	217
p.(M84P)	235
p.(M84K)	146
p.(M84T)	211
p.(M84F)	145
p.(M84A)	227
p.(M84G)	150
p.(M84I)	174
p.(M84L)	235
p.(M84H)	266
p.(M84R)	182
p.(M84W)	174
p.(M84V)	248
p.(M84E)	216
p.(M84Y)	226
p.(N42_G43insG)	369
p.(N42_G43insGS)	201
p.(N42_G43insGSG)	213
p.(G43_E44insG)	0
p.(G43_E44insGS)	198
p.(G43_E44insGSG)	183
p.(E44_T45insG)	217
p.(E44_T45insGS)	147
p.(E44_T45insGSG)	183
p.(T45_F46insG)	191
p.(T45_F46insGS)	164
p.(T45_F46insGSG)	165
p.(F46_D47insG)	212
p.(F46_D47insGS)	158
p.(F46_D47insGSG)	189
p.(D47_K48insG)	223
p.(D47_K48insGS)	145
p.(D47_K48insGSG)	260
p.(K48_Q49insG)	326
p.(K48_Q49insGS)	277
p.(K48_Q49insGSG)	244
p.(Q49_I50insG)	249
p.(Q49_I50insGS)	193
p.(Q49_I50insGSG)	265
p.(I50_L51insG)	235
p.(I50_L51insGS)	220
p.(I50_L51insGSG)	185
p.(L51_Y52insG)	237
p.(L51_Y52insGS)	283
p.(L51_Y52insGSG)	166
p.(Y52_H53insG)	252
p.(Y52_H53insGS)	205
p.(Y52_H53insGSG)	176
p.(H53_Y54insG)	266
p.(H53_Y54insGS)	233
p.(H53_Y54insGSG)	304
p.(Y54_P55insG)	359
p.(Y54_P55insGS)	238
p.(Y54_P55insGSG)	245
p.(P55_I56insG)	298
p.(P55_I56insGS)	193
p.(P55_I56insGSG)	328
p.(I56_L57insG)	213
p.(I56_L57insGS)	173
p.(I56_L57insGSG)	229
p.(L57_N58insG)	290
p.(L57_N58insGS)	198
p.(L57_N58insGSG)	414
p.(N58_D59insG)	216
p.(N58_D59insGS)	223
p.(N58_D59insGSG)	270
p.(D59_K60insG)	272
p.(D59_K60insGS)	218
p.(D59_K60insGSG)	257
p.(K60_L61insG)	287
p.(K60_L61insGS)	138
p.(K60_L61insGSG)	226
p.(L61_K62insG)	174
p.(L61_K62insGS)	192
p.(L61_K62insGSG)	143
p.(K62_I63insG)	278
p.(K62_I63insGS)	255
p.(K62_I63insGSG)	267
p.(I63_G64insG)	217
p.(I63_G64insGS)	211
p.(I63_G64insGSG)	278
p.(G64_K65insG)	250
p.(G64_K65insGS)	188
p.(G64_K65insGSG)	333
p.(K65_F66insG)	194
p.(K65_F66insGS)	210
p.(K65_F66insGSG)	206
p.(F66_C67insG)	169
p.(F66_C67insGS)	143
p.(F66_C67insGSG)	224
p.(C67_S68insG)	369
p.(C67_S68insGS)	156
p.(C67_S68insGSG)	153
p.(S68_I69insG)	235
p.(S68_I69insGSG)	271
p.(I69_G70insG)	256
p.(I69_G70insGS)	169
p.(I69_G70insGSG)	188
p.(G70_P71insG)	318
p.(G70_P71insGS)	197
p.(G70_P71insGSG)	290
p.(P71_G72insG)	217
p.(P71_G72insGS)	161
p.(P71_G72insGSG)	319
p.(G72_V73insG)	239
p.(G72_V73insGS)	125
p.(G72_V73insGSG)	176
p.(V73_T74insG)	283
p.(V73_T74insGS)	142
p.(V73_T74insGSG)	174
p.(T74_I75insG)	214
p.(T74_I75insGS)	178
p.(T74_I75insGSG)	171
p.(I75_I76insG)	265
p.(I75_I76insGS)	138
p.(I75_I76insGSG)	218
p.(I76_M77insG)	273
p.(I76_M77insGS)	244
p.(I76_M77insGSG)	254
p.(M77_N78insG)	258
p.(M77_N78insGS)	179
p.(M77_N78insGSG)	229
p.(N78_G79insG)	178
p.(N78_G79insGS)	129
p.(N78_G79insGSG)	182
p.(G79_A80insG)	230
p.(G79_A80insGS)	184
p.(G79_A80insGSG)	240
p.(A80_N81insG)	127
p.(A80_N81insGS)	117
p.(A80_N81insGSG)	257
p.(N81_H82insG)	186
p.(N81_H82insGS)	256
p.(N81_H82insGSG)	275
p.(H82_R83insG)	277
p.(H82_R83insGS)	251
p.(H82_R83insGSG)	258
p.(R83_M84insG)	268
p.(R83_M84insGS)	219
p.(R83_M84insGSG)	246
p.(M84_D85insG)	179
p.(M84_D85insGS)	54
p.(M84_D85insGSG)	142
p.(N42del)	203
p.(N42_G43del)	196
p.(N42_E44del)	201
p.(G43del)	207
p.(G43_E44del)	190
p.(G43_T45del)	312
p.(E44del)	216
p.(E44_T45del)	239
p.(E44_F46del)	284
p.(T45del)	222
p.(T45_F46del)	258
p.(T45_D47del)	204
p.(F46del)	250
p.(F46_D47del)	287
p.(F46_K48del)	255
p.(D47del)	241
p.(D47_K48del)	203
p.(D47_Q49del)	212
p.(K48del)	157
p.(K48_Q49del)	300
p.(K48_I50del)	200
p.(Q49del)	173
p.(Q49_I50del)	312
p.(Q49_L51del)	297
p.(I50del)	179
p.(I50_L51del)	314
p.(I50_Y52del)	243
p.(L51del)	225
p.(L51_Y52del)	276
p.(L51_H53del)	209
p.(Y52del)	173
p.(Y52_H53del)	251
p.(Y52_Y54del)	308
p.(H53del)	257
p.(H53_Y54del)	278
p.(H53_P55del)	283
p.(Y54del)	142
p.(Y54_P55del)	392
p.(Y54_I56del)	197
p.(P55del)	229
p.(P55_I56del)	252
p.(P55_L57del)	342
p.(I56del)	178
p.(I56_L57del)	265
p.(I56_N58del)	408
p.(L57del)	202
p.(L57_N58del)	324
p.(L57_D59del)	215
p.(N58del)	225
p.(N58_D59del)	400
p.(N58_K60del)	360
p.(D59del)	155
p.(D59_K60del)	241
p.(D59_L61del)	320
p.(K60del)	287
p.(K60_L61del)	286
p.(K60_K62del)	292
p.(L61del)	224
p.(L61_K62del)	271
p.(L61_I63del)	263
p.(K62del)	304
p.(K62_I63del)	303
p.(K62_G64del)	713
p.(I63del)	235
p.(I63_G64del)	334
p.(G64del)	226
p.(G64_K65del)	305
p.(G64_F66del)	382
p.(K65del)	293
p.(K65_F66del)	284
p.(K65_C67del)	314
p.(F66del)	229
p.(F66_C67del)	222
p.(F66_S68del)	293
p.(C67del)	219
p.(C67_S68del)	250
p.(C67_I69del)	259
p.(S68del)	194
p.(S68_I69del)	215
p.(S68_G70del)	212
p.(I69del)	219
p.(I69_G70del)	321
p.(I69_P71del)	286
p.(G70del)	231
p.(G70_P71del)	260
p.(G70_G72del)	228
p.(P71del)	220
p.(P71_G72del)	295
p.(P71_V73del)	239
p.(G72del)	248
p.(G72_V73del)	271
p.(G72_T74del)	295
p.(V73del)	259
p.(V73_T74del)	282
p.(V73_I75del)	217
p.(T74del)	240
p.(T74_I75del)	265
p.(T74_I76del)	287
p.(I75del)	240
p.(I75_I76del)	276
p.(I75_M77del)	242
p.(I76del)	180
p.(I76_M77del)	186
p.(I76_N78del)	258
p.(M77del)	248
p.(M77_N78del)	277
p.(M77_G79del)	256
p.(N78del)	298
p.(N78_G79del)	256
p.(N78_A80del)	266
p.(G79del)	246
p.(G79_A80del)	388
p.(G79_N81del)	303
p.(A80del)	182
p.(A80_N81del)	344
p.(A80_H82del)	388
p.(N81del)	219
p.(N81_H82del)	335
p.(N81_R83del)	293
p.(H82del)	248
p.(H82_R83del)	275
p.(H82_M84del)	210
p.(R83del)	299
p.(R83_M84del)	268
p.(R83_D85del)	350
p.(M84del)	280
p.(M84_D85del)	282
p.(M84_G86del)	177
p.(D85C)	156
p.(D85S)	121
p.(D85Q)	212
p.(D85M)	173
p.(D85N)	156
p.(D85P)	137
p.(D85K)	132
p.(D85T)	88
p.(D85F)	199
p.(D85A)	120
p.(D85G)	162
p.(D85I)	160
p.(D85L)	138
p.(D85H)	129
p.(D85R)	108
p.(D85W)	105
p.(D85V)	115
p.(D85E)	216
p.(D85Y)	188
p.(G86C)	158
p.(G86D)	131
p.(G86S)	168
p.(G86Q)	138
p.(G86M)	160
p.(G86N)	159
p.(G86P)	120
p.(G86K)	161
p.(G86T)	165
p.(G86F)	132
p.(G86A)	110
p.(G86G)	190
p.(G86I)	179
p.(G86L)	116
p.(G86H)	129
p.(G86R)	147
p.(G86W)	128
p.(G86V)	144
p.(G86E)	114
p.(G86Y)	142
p.(S87C)	195
p.(S87D)	130
p.(S87S)	164
p.(S87Q)	122
p.(S87M)	156
p.(S87N)	112
p.(S87P)	118
p.(S87K)	103
p.(S87T)	144
p.(S87F)	143
p.(S87A)	156
p.(S87G)	232
p.(S87I)	151
p.(S87L)	150
p.(S87H)	105
p.(S87R)	155
p.(S87W)	143
p.(S87V)	164
p.(S87E)	177
p.(S87Y)	131
p.(T88C)	156
p.(T88D)	153
p.(T88S)	130
p.(T88Q)	184
p.(T88M)	104
p.(T88N)	152
p.(T88P)	124
p.(T88K)	204
p.(T88T)	153
p.(T88F)	107
p.(T88A)	198
p.(T88G)	190
p.(T88I)	145
p.(T88L)	202
p.(T88H)	138
p.(T88R)	134
p.(T88W)	202
p.(T88V)	128
p.(T88E)	140
p.(T88Y)	147
p.(Y89C)	209
p.(Y89D)	125
p.(Y89S)	114
p.(Y89Q)	149
p.(Y89M)	118
p.(Y89N)	113
p.(Y89P)	117
p.(Y89K)	185
p.(Y89T)	124
p.(Y89F)	114
p.(Y89A)	120
p.(Y89G)	155
p.(Y89I)	163
p.(Y89L)	159
p.(Y89H)	109
p.(Y89R)	137
p.(Y89W)	171
p.(Y89V)	101
p.(Y89E)	163
p.(Y89Y)	151
p.(P90C)	132
p.(P90D)	100
p.(P90S)	104
p.(P90Q)	107
p.(P90M)	119
p.(P90N)	130
p.(P90P)	173
p.(P90K)	126
p.(P90T)	131
p.(P90F)	93
p.(P90A)	139
p.(P90G)	157
p.(P90I)	139
p.(P90L)	125
p.(P90H)	142
p.(P90R)	158
p.(P90W)	103
p.(P90V)	132
p.(P90E)	127
p.(P90Y)	101
p.(F91C)	127
p.(F91D)	146
p.(F91S)	165
p.(F91Q)	148
p.(F91M)	140
p.(F91N)	111
p.(F91P)	122
p.(F91K)	106
p.(F91T)	117
p.(F91F)	208
p.(F91A)	94
p.(F91G)	187
p.(F91I)	136
p.(F91L)	172
p.(F91H)	169
p.(F91R)	175
p.(F91W)	173
p.(F91V)	172
p.(F91E)	147
p.(F91Y)	111
p.(N92C)	122
p.(N92D)	135
p.(N92S)	97
p.(N92Q)	147
p.(N92M)	157
p.(N92P)	96
p.(N92K)	3
p.(N92T)	139
p.(N92F)	107
p.(N92A)	93
p.(N92G)	131
p.(N92I)	93
p.(N92L)	174
p.(N92H)	201
p.(N92R)	92
p.(N92W)	136
p.(N92V)	201
p.(N92E)	102
p.(N92Y)	162
p.(L93C)	140
p.(L93D)	117
p.(L93S)	151
p.(L93Q)	110
p.(L93M)	127
p.(L93N)	86
p.(L93P)	145
p.(L93K)	122
p.(L93T)	80
p.(L93F)	129
p.(L93A)	126
p.(L93G)	163
p.(L93I)	105
p.(L93L)	86
p.(L93H)	136
p.(L93R)	162
p.(L93W)	217
p.(L93V)	102
p.(L93E)	103
p.(L93Y)	123
p.(F94C)	140
p.(F94D)	157
p.(F94S)	90
p.(F94Q)	146
p.(F94M)	79
p.(F94N)	121
p.(F94P)	195
p.(F94K)	98
p.(F94T)	94
p.(F94A)	133
p.(F94G)	135
p.(F94I)	180
p.(F94L)	190
p.(F94H)	97
p.(F94R)	129
p.(F94W)	142
p.(F94V)	184
p.(F94E)	177
p.(F94Y)	151
p.(G95C)	102
p.(G95D)	137
p.(G95S)	151
p.(G95Q)	172
p.(G95M)	87
p.(G95N)	138
p.(G95P)	120
p.(G95K)	137
p.(G95T)	143
p.(G95F)	136
p.(G95A)	117
p.(G95G)	114
p.(G95I)	145
p.(G95L)	132
p.(G95H)	164
p.(G95R)	114
p.(G95W)	92
p.(G95V)	117
p.(G95E)	150
p.(G95Y)	151
p.(N96C)	101
p.(N96D)	117
p.(N96S)	9
p.(N96Q)	190
p.(N96M)	163
p.(N96P)	139
p.(N96K)	101
p.(N96T)	119
p.(N96F)	127
p.(N96A)	125
p.(N96G)	82
p.(N96I)	124
p.(N96L)	150
p.(N96H)	168
p.(N96R)	127
p.(N96W)	186
p.(N96V)	95
p.(N96E)	192
p.(N96Y)	142
p.(G97C)	103
p.(G97D)	84
p.(G97S)	91
p.(G97Q)	78
p.(G97M)	138
p.(G97N)	102
p.(G97P)	149
p.(G97K)	108
p.(G97T)	173
p.(G97F)	91
p.(G97A)	99
p.(G97G)	166
p.(G97I)	103
p.(G97L)	103
p.(G97H)	100
p.(G97R)	169
p.(G97W)	126
p.(G97V)	96
p.(G97E)	142
p.(G97Y)	109
p.(W98C)	152
p.(W98D)	77
p.(W98S)	202
p.(W98Q)	123
p.(W98M)	100
p.(W98N)	123
p.(W98P)	165
p.(W98K)	148
p.(W98T)	179
p.(W98F)	182
p.(W98A)	138
p.(W98G)	128
p.(W98I)	170
p.(W98L)	99
p.(W98H)	148
p.(W98R)	249
p.(W98V)	85
p.(W98E)	130
p.(W98Y)	200
p.(E99C)	126
p.(E99D)	150
p.(E99S)	173
p.(E99Q)	99
p.(E99M)	144
p.(E99N)	160
p.(E99P)	155
p.(E99K)	142
p.(E99T)	114
p.(E99F)	146
p.(E99A)	158
p.(E99G)	138
p.(E99I)	128
p.(E99L)	147
p.(E99H)	192
p.(E99R)	139
p.(E99W)	98
p.(E99V)	175
p.(E99Y)	151
p.(K100C)	89
p.(K100D)	165
p.(K100S)	165
p.(K100Q)	107
p.(K100M)	115
p.(K100N)	153
p.(K100P)	163
p.(K100T)	169
p.(K100F)	170
p.(K100A)	154
p.(K100G)	186
p.(K100I)	125
p.(K100L)	139
p.(K100H)	165
p.(K100R)	170
p.(K100W)	169
p.(K100V)	137
p.(K100E)	109
p.(K100Y)	220
p.(H101C)	145
p.(H101D)	184
p.(H101S)	104
p.(H101Q)	164
p.(H101M)	156
p.(H101N)	125
p.(H101P)	161
p.(H101K)	106
p.(H101T)	149
p.(H101F)	130
p.(H101A)	108
p.(H101G)	189
p.(H101I)	150
p.(H101L)	216
p.(H101R)	129
p.(H101W)	148
p.(H101V)	128
p.(H101E)	169
p.(H101Y)	208
p.(M102C)	137
p.(M102D)	119
p.(M102S)	119
p.(M102Q)	123
p.(M102N)	81
p.(M102P)	74
p.(M102K)	137
p.(M102T)	163
p.(M102F)	122
p.(M102A)	135
p.(M102G)	103
p.(M102I)	192
p.(M102L)	164
p.(M102H)	171
p.(M102R)	126
p.(M102W)	101
p.(M102V)	200
p.(M102E)	90
p.(M102Y)	137
p.(P103C)	147
p.(P103D)	120
p.(P103S)	203
p.(P103Q)	120
p.(P103M)	111
p.(P103N)	179
p.(P103P)	164
p.(P103K)	137
p.(P103T)	176
p.(P103F)	110
p.(P103A)	149
p.(P103G)	153
p.(P103I)	92
p.(P103L)	138
p.(P103H)	132
p.(P103R)	122
p.(P103W)	145
p.(P103V)	238
p.(P103E)	112
p.(P103Y)	117
p.(K104C)	100
p.(K104D)	96
p.(K104S)	96
p.(K104Q)	102
p.(K104M)	110
p.(K104N)	164
p.(K104P)	130
p.(K104K)	193
p.(K104T)	148
p.(K104F)	187
p.(K104A)	127
p.(K104G)	147
p.(K104I)	133
p.(K104L)	139
p.(K104H)	103
p.(K104R)	140
p.(K104W)	208
p.(K104V)	173
p.(K104E)	190
p.(K104Y)	139
p.(L105C)	94
p.(L105D)	89
p.(L105S)	153
p.(L105Q)	147
p.(L105M)	178
p.(L105N)	118
p.(L105P)	189
p.(L105K)	97
p.(L105T)	89
p.(L105F)	155
p.(L105A)	113
p.(L105G)	124
p.(L105I)	115
p.(L105L)	150
p.(L105H)	94
p.(L105R)	140
p.(L105W)	114
p.(L105V)	185
p.(L105E)	95
p.(L105Y)	118
p.(D106C)	153
p.(D106S)	132
p.(D106Q)	138
p.(D106M)	85
p.(D106N)	177
p.(D106P)	99
p.(D106K)	84
p.(D106T)	78
p.(D106F)	190
p.(D106A)	130
p.(D106G)	214
p.(D106I)	139
p.(D106L)	142
p.(D106H)	101
p.(D106R)	107
p.(D106W)	151
p.(D106V)	170
p.(D106E)	157
p.(D106Y)	103
p.(Q107C)	140
p.(Q107D)	203
p.(Q107S)	139
p.(Q107Q)	184
p.(Q107M)	98
p.(Q107N)	145
p.(Q107P)	153
p.(Q107K)	152
p.(Q107T)	161
p.(Q107F)	89
p.(Q107A)	172
p.(Q107G)	120
p.(Q107I)	124
p.(Q107L)	149
p.(Q107H)	132
p.(Q107R)	124
p.(Q107W)	193
p.(Q107V)	154
p.(Q107E)	149
p.(Q107Y)	181
p.(L108C)	148
p.(L108S)	110
p.(L108Q)	108
p.(L108M)	176
p.(L108N)	137
p.(L108P)	141
p.(L108K)	141
p.(L108T)	160
p.(L108F)	116
p.(L108A)	173
p.(L108G)	163
p.(L108I)	148
p.(L108L)	124
p.(L108H)	99
p.(L108R)	155
p.(L108W)	117
p.(L108V)	129
p.(L108E)	130
p.(L108Y)	115
p.(P109C)	219
p.(P109D)	147
p.(P109S)	172
p.(P109Q)	175
p.(P109M)	108
p.(P109N)	195
p.(P109K)	114
p.(P109T)	151
p.(P109F)	149
p.(P109A)	177
p.(P109G)	215
p.(P109I)	87
p.(P109L)	104
p.(P109H)	109
p.(P109R)	186
p.(P109W)	117
p.(P109V)	135
p.(P109E)	178
p.(P109Y)	144
p.(I110C)	170
p.(I110D)	105
p.(I110S)	98
p.(I110Q)	163
p.(I110M)	150
p.(I110N)	183
p.(I110P)	136
p.(I110K)	144
p.(I110T)	106
p.(I110F)	111
p.(I110A)	134
p.(I110G)	105
p.(I110L)	148
p.(I110H)	102
p.(I110R)	141
p.(I110W)	117
p.(I110V)	100
p.(I110E)	185
p.(I110Y)	96
p.(K111C)	273
p.(K111D)	184
p.(K111S)	137
p.(K111Q)	92
p.(K111M)	158
p.(K111N)	173
p.(K111P)	169
p.(K111K)	194
p.(K111T)	212
p.(K111F)	167
p.(K111A)	213
p.(K111G)	175
p.(K111I)	155
p.(K111L)	231
p.(K111H)	153
p.(K111R)	187
p.(K111W)	227
p.(K111V)	153
p.(K111E)	187
p.(K111Y)	120
p.(G112C)	103
p.(G112D)	91
p.(G112S)	95
p.(G112Q)	181
p.(G112M)	212
p.(G112N)	101
p.(G112P)	116
p.(G112K)	126
p.(G112T)	98
p.(G112F)	102
p.(G112A)	103
p.(G112G)	93
p.(G112I)	207
p.(G112L)	163
p.(G112H)	124
p.(G112R)	133
p.(G112W)	133
p.(G112V)	193
p.(G112E)	121
p.(G112Y)	140
p.(D113C)	110
p.(D113D)	211
p.(D113S)	146
p.(D113Q)	131
p.(D113M)	120
p.(D113N)	121
p.(D113P)	165
p.(D113K)	77
p.(D113T)	171
p.(D113F)	90
p.(D113A)	78
p.(D113G)	130
p.(D113I)	110
p.(D113L)	196
p.(D113H)	187
p.(D113R)	196
p.(D113W)	192
p.(D113V)	130
p.(D113E)	127
p.(D113Y)	145
p.(T114C)	157
p.(T114D)	100
p.(T114S)	124
p.(T114Q)	210
p.(T114M)	138
p.(T114N)	145
p.(T114P)	89
p.(T114K)	90
p.(T114T)	128
p.(T114F)	142
p.(T114A)	200
p.(T114G)	198
p.(T114I)	166
p.(T114L)	168
p.(T114H)	123
p.(T114R)	125
p.(T114W)	157
p.(T114V)	141
p.(T114E)	88
p.(T114Y)	97
p.(I115C)	121
p.(I115D)	135
p.(I115S)	143
p.(I115Q)	133
p.(I115M)	109
p.(I115N)	155
p.(I115P)	117
p.(I115K)	87
p.(I115T)	174
p.(I115F)	175
p.(I115A)	128
p.(I115G)	146
p.(I115I)	187
p.(I115L)	127
p.(I115H)	199
p.(I115R)	149
p.(I115W)	150
p.(I115V)	166
p.(I115E)	128
p.(I115Y)	131
p.(I116C)	135
p.(I116D)	80
p.(I116S)	146
p.(I116Q)	192
p.(I116M)	205
p.(I116N)	104
p.(I116P)	111
p.(I116K)	149
p.(I116T)	221
p.(I116F)	147
p.(I116A)	54
p.(I116G)	126
p.(I116I)	205
p.(I116L)	120
p.(I116H)	155
p.(I116R)	159
p.(I116W)	170
p.(I116V)	177
p.(I116E)	135
p.(I116Y)	128
p.(G117C)	116
p.(G117D)	215
p.(G117S)	158
p.(G117Q)	91
p.(G117M)	166
p.(G117N)	124
p.(G117P)	122
p.(G117K)	99
p.(G117T)	98
p.(G117F)	114
p.(G117A)	130
p.(G117I)	128
p.(G117L)	141
p.(G117H)	155
p.(G117R)	142
p.(G117W)	115
p.(G117V)	131
p.(G117E)	126
p.(G117Y)	161
p.(N118C)	173
p.(N118D)	138
p.(N118S)	252
p.(N118Q)	88
p.(N118M)	157
p.(N118N)	158
p.(N118P)	207
p.(N118K)	110
p.(N118T)	170
p.(N118F)	153
p.(N118A)	132
p.(N118G)	189
p.(N118I)	140
p.(N118L)	143
p.(N118H)	148
p.(N118R)	211
p.(N118W)	168
p.(N118V)	150
p.(N118E)	122
p.(N118Y)	169
p.(D119C)	176
p.(D119S)	126
p.(D119Q)	102
p.(D119M)	176
p.(D119N)	118
p.(D119P)	146
p.(D119K)	122
p.(D119T)	177
p.(D119F)	113
p.(D119A)	173
p.(D119G)	178
p.(D119I)	120
p.(D119L)	138
p.(D119H)	109
p.(D119R)	106
p.(D119W)	124
p.(D119V)	106
p.(D119E)	191
p.(D119Y)	126
p.(V120C)	103
p.(V120D)	107
p.(V120S)	122
p.(V120Q)	150
p.(V120M)	172
p.(V120N)	135
p.(V120P)	122
p.(V120K)	165
p.(V120T)	77
p.(V120F)	90
p.(V120A)	148
p.(V120G)	97
p.(V120I)	126
p.(V120L)	234
p.(V120H)	108
p.(V120R)	137
p.(V120W)	152
p.(V120E)	116
p.(V120Y)	148
p.(W121C)	173
p.(W121D)	70
p.(W121S)	107
p.(W121Q)	139
p.(W121M)	89
p.(W121N)	118
p.(W121P)	169
p.(W121K)	128
p.(W121T)	173
p.(W121F)	128
p.(W121A)	197
p.(W121G)	117
p.(W121I)	71
p.(W121L)	141
p.(W121H)	153
p.(W121R)	174
p.(W121V)	130
p.(W121E)	136
p.(W121Y)	198
p.(I122C)	167
p.(I122D)	127
p.(I122S)	119
p.(I122Q)	156
p.(I122M)	179
p.(I122N)	132
p.(I122P)	193
p.(I122K)	91
p.(I122T)	117
p.(I122F)	123
p.(I122A)	155
p.(I122G)	191
p.(I122L)	131
p.(I122H)	126
p.(I122R)	182
p.(I122W)	193
p.(I122V)	103
p.(I122E)	127
p.(I122Y)	120
p.(G123C)	110
p.(G123D)	112
p.(G123S)	133
p.(G123Q)	135
p.(G123M)	101
p.(G123N)	111
p.(G123P)	218
p.(G123K)	133
p.(G123T)	129
p.(G123F)	121
p.(G123A)	139
p.(G123G)	154
p.(G123I)	101
p.(G123L)	186
p.(G123H)	136
p.(G123R)	154
p.(G123W)	161
p.(G123V)	138
p.(G123E)	146
p.(G123Y)	133
p.(K124C)	170
p.(K124D)	186
p.(K124S)	170
p.(K124Q)	169
p.(K124M)	179
p.(K124N)	141
p.(K124P)	191
p.(K124K)	253
p.(K124T)	143
p.(K124F)	250
p.(K124A)	169
p.(K124G)	216
p.(K124I)	175
p.(K124L)	172
p.(K124H)	142
p.(K124R)	198
p.(K124W)	189
p.(K124V)	176
p.(K124E)	248
p.(K124Y)	206
p.(D125C)	167
p.(D125S)	168
p.(D125Q)	185
p.(D125M)	161
p.(D125N)	223
p.(D125P)	182
p.(D125K)	156
p.(D125T)	166
p.(D125F)	203
p.(D125A)	140
p.(D125G)	124
p.(D125I)	157
p.(D125L)	224
p.(D125H)	164
p.(D125R)	139
p.(D125W)	188
p.(D125V)	169
p.(D125E)	186
p.(D125Y)	170
p.(V126C)	117
p.(V126D)	189
p.(V126S)	188
p.(V126Q)	177
p.(V126M)	194
p.(V126N)	155
p.(V126P)	122
p.(V126K)	182
p.(V126T)	174
p.(V126F)	143
p.(V126A)	261
p.(V126G)	211
p.(V126I)	138
p.(V126L)	114
p.(V126H)	162
p.(V126R)	177
p.(V126W)	189
p.(V126E)	106
p.(V126Y)	156
p.(D85_G86insG)	154
p.(D85_G86insGS)	80
p.(D85_G86insGSG)	131
p.(G86_S87insG)	141
p.(G86_S87insGS)	62
p.(S87_T88insG)	156
p.(S87_T88insGS)	86
p.(S87_T88insGSG)	154
p.(T88_Y89insG)	150
p.(T88_Y89insGS)	59
p.(T88_Y89insGSG)	141
p.(Y89_P90insG)	165
p.(Y89_P90insGS)	74
p.(Y89_P90insGSG)	174
p.(P90_F91insG)	130
p.(P90_F91insGS)	69
p.(P90_F91insGSG)	151
p.(F91_N92insG)	144
p.(F91_N92insGS)	42
p.(F91_N92insGSG)	114
p.(N92_L93insG)	166
p.(N92_L93insGS)	64
p.(N92_L93insGSG)	118
p.(L93_F94insG)	97
p.(L93_F94insGS)	59
p.(L93_F94insGSG)	152
p.(F94_G95insG)	145
p.(F94_G95insGS)	64
p.(F94_G95insGSG)	208
p.(G95_N96insG)	152
p.(G95_N96insGS)	55
p.(G95_N96insGSG)	188
p.(N96_G97insG)	109
p.(N96_G97insGS)	67
p.(N96_G97insGSG)	118
p.(G97_W98insG)	92
p.(G97_W98insGS)	97
p.(W98_E99insG)	141
p.(W98_E99insGS)	69
p.(W98_E99insGSG)	71
p.(E99_K100insG)	129
p.(E99_K100insGS)	59
p.(E99_K100insGSG)	129
p.(K100_H101insG)	180
p.(K100_H101insGS)	40
p.(K100_H101insGSG)	167
p.(H101_M102insG)	193
p.(H101_M102insGS)	45
p.(H101_M102insGSG)	117
p.(M102_P103insG)	172
p.(M102_P103insGS)	85
p.(M102_P103insGSG)	158
p.(P103_K104insG)	164
p.(P103_K104insGS)	64
p.(P103_K104insGSG)	171
p.(K104_L105insG)	177
p.(K104_L105insGS)	49
p.(K104_L105insGSG)	161
p.(L105_D106insG)	133
p.(L105_D106insGS)	64
p.(L105_D106insGSG)	191
p.(D106_Q107insG)	147
p.(D106_Q107insGS)	49
p.(D106_Q107insGSG)	104
p.(Q107_L108insG)	198
p.(Q107_L108insGS)	100
p.(Q107_L108insGSG)	128
p.(L108_P109insG)	257
p.(L108_P109insGS)	82
p.(L108_P109insGSG)	124
p.(P109_I110insG)	86
p.(P109_I110insGS)	70
p.(P109_I110insGSG)	188
p.(I110_K111insG)	149
p.(I110_K111insGS)	70
p.(I110_K111insGSG)	142
p.(K111_G112insG)	348
p.(K111_G112insGS)	61
p.(K111_G112insGSG)	200
p.(G112_D113insGS)	112
p.(G112_D113insGSG)	203
p.(D113_T114insG)	156
p.(D113_T114insGS)	95
p.(D113_T114insGSG)	177
p.(T114_I115insG)	213
p.(T114_I115insGS)	94
p.(T114_I115insGSG)	133
p.(I115_I116insG)	169
p.(I115_I116insGS)	66
p.(I115_I116insGSG)	194
p.(I116_G117insG)	258
p.(I116_G117insGS)	86
p.(I116_G117insGSG)	117
p.(G117_N118insGS)	57
p.(G117_N118insGSG)	175
p.(N118_D119insG)	169
p.(N118_D119insGS)	72
p.(N118_D119insGSG)	190
p.(D119_V120insG)	132
p.(D119_V120insGS)	95
p.(D119_V120insGSG)	190
p.(V120_W121insG)	167
p.(V120_W121insGS)	67
p.(V120_W121insGSG)	154
p.(W121_I122insG)	167
p.(W121_I122insGS)	71
p.(W121_I122insGSG)	159
p.(I122_G123insG)	184
p.(I122_G123insGS)	58
p.(I122_G123insGSG)	210
p.(G123_K124insG)	208
p.(G123_K124insGS)	59
p.(G123_K124insGSG)	235
p.(K124_D125insG)	108
p.(K124_D125insGS)	81
p.(K124_D125insGSG)	182
p.(D125_V126insG)	183
p.(D125_V126insGS)	91
p.(D125_V126insGSG)	214
p.(V126_V127insG)	74
p.(V126_V127insGS)	161
p.(V126_V127insGSG)	78
p.(D85del)	209
p.(D85_G86del)	204
p.(D85_S87del)	199
p.(G86del)	169
p.(G86_S87del)	220
p.(G86_T88del)	218
p.(S87del)	146
p.(S87_T88del)	207
p.(S87_Y89del)	186
p.(T88del)	150
p.(T88_Y89del)	198
p.(T88_P90del)	296
p.(Y89del)	108
p.(Y89_P90del)	180
p.(Y89_F91del)	213
p.(P90del)	110
p.(P90_F91del)	270
p.(P90_N92del)	265
p.(F91del)	112
p.(F91_N92del)	221
p.(F91_L93del)	354
p.(N92del)	173
p.(N92_L93del)	232
p.(N92_F94del)	0
p.(L93del)	235
p.(L93_F94del)	173
p.(L93_G95del)	145
p.(F94del)	186
p.(F94_G95del)	144
p.(F94_N96del)	129
p.(G95del)	164
p.(G95_N96del)	205
p.(G95_G97del)	187
p.(N96del)	139
p.(N96_G97del)	182
p.(N96_W98del)	221
p.(G97del)	141
p.(G97_W98del)	233
p.(G97_E99del)	179
p.(W98del)	165
p.(W98_E99del)	185
p.(W98_K100del)	208
p.(E99del)	175
p.(E99_K100del)	220
p.(E99_H101del)	225
p.(K100del)	111
p.(K100_H101del)	261
p.(K100_M102del)	187
p.(H101del)	134
p.(H101_M102del)	153
p.(H101_P103del)	204
p.(M102del)	127
p.(M102_P103del)	146
p.(M102_K104del)	254
p.(P103del)	108
p.(P103_K104del)	218
p.(P103_L105del)	168
p.(K104del)	186
p.(K104_L105del)	116
p.(K104_D106del)	208
p.(L105del)	155
p.(L105_D106del)	165
p.(L105_Q107del)	487
p.(D106del)	116
p.(D106_Q107del)	243
p.(Q107del)	105
p.(Q107_L108del)	208
p.(Q107_P109del)	241
p.(L108del)	145
p.(L108_P109del)	132
p.(L108_I110del)	140
p.(P109del)	169
p.(P109_I110del)	226
p.(P109_K111del)	294
p.(I110del)	139
p.(I110_K111del)	206
p.(I110_G112del)	248
p.(K111del)	246
p.(K111_G112del)	321
p.(K111_D113del)	179
p.(G112del)	130
p.(G112_D113del)	169
p.(G112_T114del)	239
p.(D113del)	84
p.(D113_T114del)	199
p.(D113_I115del)	218
p.(T114del)	117
p.(T114_I115del)	169
p.(T114_I116del)	290
p.(I115del)	173
p.(I115_I116del)	219
p.(I115_G117del)	220
p.(I116del)	134
p.(I116_G117del)	186
p.(I116_N118del)	250
p.(G117del)	155
p.(G117_N118del)	234
p.(G117_D119del)	168
p.(N118del)	181
p.(N118_D119del)	209
p.(N118_V120del)	215
p.(D119del)	145
p.(D119_V120del)	253
p.(D119_W121del)	157
p.(V120del)	117
p.(V120_W121del)	194
p.(V120_I122del)	208
p.(W121del)	102
p.(W121_I122del)	189
p.(W121_G123del)	194
p.(I122del)	119
p.(I122_G123del)	197
p.(I122_K124del)	329
p.(G123del)	108
p.(G123_K124del)	228
p.(G123_D125del)	358
p.(K124del)	191
p.(K124_D125del)	183
p.(K124_V126del)	211
p.(D125del)	172
p.(D125_V126del)	265
p.(D125_V127del)	209
p.(V126del)	177
p.(V126_V127del)	247
p.(V126_I128del)	217
p.(V127C)	144
p.(V127D)	179
p.(V127S)	145
p.(V127Q)	127
p.(V127M)	226
p.(V127N)	134
p.(V127P)	139
p.(V127K)	120
p.(V127T)	139
p.(V127F)	128
p.(V127A)	154
p.(V127G)	143
p.(V127I)	130
p.(V127L)	177
p.(V127H)	135
p.(V127R)	99
p.(V127W)	202
p.(V127V)	137
p.(V127E)	111
p.(V127Y)	130
p.(I128C)	184
p.(I128D)	178
p.(I128S)	157
p.(I128Q)	152
p.(I128M)	168
p.(I128N)	84
p.(I128P)	115
p.(I128K)	102
p.(I128T)	134
p.(I128F)	85
p.(I128A)	183
p.(I128G)	142
p.(I128L)	178
p.(I128H)	172
p.(I128R)	121
p.(I128W)	215
p.(I128V)	165
p.(I128E)	174
p.(I128Y)	146
p.(M129C)	129
p.(M129D)	128
p.(M129S)	183
p.(M129Q)	184
p.(M129N)	160
p.(M129P)	104
p.(M129K)	189
p.(M129T)	94
p.(M129F)	109
p.(M129A)	168
p.(M129G)	137
p.(M129I)	197
p.(M129L)	167
p.(M129H)	141
p.(M129R)	118
p.(M129W)	178
p.(M129V)	154
p.(M129E)	100
p.(M129Y)	160
p.(P130C)	127
p.(P130D)	113
p.(P130S)	112
p.(P130Q)	144
p.(P130M)	133
p.(P130N)	142
p.(P130P)	203
p.(P130K)	110
p.(P130T)	186
p.(P130F)	152
p.(P130A)	175
p.(P130G)	182
p.(P130I)	151
p.(P130L)	169
p.(P130H)	188
p.(P130R)	190
p.(P130W)	122
p.(P130V)	183
p.(P130E)	164
p.(P130Y)	133
p.(G131C)	163
p.(G131D)	143
p.(G131S)	256
p.(G131Q)	111
p.(G131M)	150
p.(G131N)	133
p.(G131P)	134
p.(G131K)	174
p.(G131T)	175
p.(G131F)	137
p.(G131A)	135
p.(G131I)	133
p.(G131L)	118
p.(G131H)	117
p.(G131R)	103
p.(G131W)	166
p.(G131V)	166
p.(G131E)	137
p.(G131Y)	173
p.(V132C)	94
p.(V132D)	139
p.(V132S)	142
p.(V132Q)	164
p.(V132M)	158
p.(V132N)	97
p.(V132P)	159
p.(V132K)	128
p.(V132T)	140
p.(V132F)	156
p.(V132A)	230
p.(V132G)	121
p.(V132I)	113
p.(V132L)	197
p.(V132H)	73
p.(V132R)	100
p.(V132W)	106
p.(V132V)	190
p.(V132E)	143
p.(V132Y)	180
p.(K133C)	173
p.(K133D)	202
p.(K133S)	188
p.(K133Q)	169
p.(K133M)	131
p.(K133N)	175
p.(K133P)	159
p.(K133T)	142
p.(K133F)	173
p.(K133A)	138
p.(K133G)	129
p.(K133I)	148
p.(K133L)	142
p.(K133H)	181
p.(K133R)	209
p.(K133W)	195
p.(K133V)	138
p.(K133E)	220
p.(K133Y)	208
p.(I134C)	129
p.(I134D)	163
p.(I134S)	185
p.(I134Q)	170
p.(I134M)	186
p.(I134N)	93
p.(I134P)	171
p.(I134K)	94
p.(I134T)	113
p.(I134F)	151
p.(I134A)	195
p.(I134G)	165
p.(I134I)	218
p.(I134L)	104
p.(I134H)	142
p.(I134R)	151
p.(I134W)	149
p.(I134V)	144
p.(I134E)	117
p.(I134Y)	145
p.(G135C)	115
p.(G135D)	97
p.(G135S)	167
p.(G135Q)	137
p.(G135M)	143
p.(G135N)	121
p.(G135P)	127
p.(G135K)	108
p.(G135T)	131
p.(G135F)	159
p.(G135A)	168
p.(G135I)	152
p.(G135L)	149
p.(G135H)	77
p.(G135R)	152
p.(G135W)	172
p.(G135V)	184
p.(G135E)	193
p.(G135Y)	141
p.(D136C)	114
p.(D136S)	164
p.(D136Q)	186
p.(D136M)	105
p.(D136N)	102
p.(D136P)	130
p.(D136K)	161
p.(D136T)	124
p.(D136F)	95
p.(D136A)	106
p.(D136G)	216
p.(D136I)	116
p.(D136L)	123
p.(D136H)	114
p.(D136R)	108
p.(D136W)	180
p.(D136V)	87
p.(D136E)	151
p.(D136Y)	121
p.(G137C)	173
p.(G137D)	150
p.(G137S)	159
p.(G137Q)	98
p.(G137M)	147
p.(G137N)	129
p.(G137P)	171
p.(G137K)	116
p.(G137T)	103
p.(G137F)	128
p.(G137A)	99
p.(G137G)	145
p.(G137I)	115
p.(G137L)	122
p.(G137H)	155
p.(G137R)	120
p.(G137W)	127
p.(G137V)	186
p.(G137E)	69
p.(G137Y)	203
p.(A138C)	179
p.(A138D)	150
p.(A138S)	120
p.(A138Q)	174
p.(A138M)	143
p.(A138N)	110
p.(A138P)	179
p.(A138K)	140
p.(A138T)	133
p.(A138F)	162
p.(A138A)	196
p.(A138G)	123
p.(A138I)	105
p.(A138L)	139
p.(A138H)	136
p.(A138R)	161
p.(A138W)	127
p.(A138V)	174
p.(A138E)	122
p.(A138Y)	152
p.(I139C)	168
p.(I139D)	179
p.(I139S)	143
p.(I139Q)	158
p.(I139M)	102
p.(I139N)	134
p.(I139P)	154
p.(I139K)	113
p.(I139T)	125
p.(I139F)	147
p.(I139A)	121
p.(I139G)	192
p.(I139I)	202
p.(I139L)	108
p.(I139H)	146
p.(I139R)	139
p.(I139W)	185
p.(I139V)	185
p.(I139E)	166
p.(I139Y)	211
p.(V140C)	146
p.(V140D)	126
p.(V140S)	160
p.(V140Q)	110
p.(V140M)	132
p.(V140N)	108
p.(V140P)	137
p.(V140K)	148
p.(V140T)	141
p.(V140F)	189
p.(V140A)	109
p.(V140G)	188
p.(V140I)	178
p.(V140L)	150
p.(V140H)	141
p.(V140R)	128
p.(V140W)	167
p.(V140E)	186
p.(V140Y)	114
p.(A141C)	152
p.(A141D)	163
p.(A141S)	102
p.(A141Q)	164
p.(A141M)	126
p.(A141N)	146
p.(A141P)	190
p.(A141K)	131
p.(A141T)	226
p.(A141F)	144
p.(A141A)	154
p.(A141G)	225
p.(A141I)	136
p.(A141L)	156
p.(A141H)	118
p.(A141R)	131
p.(A141W)	116
p.(A141V)	180
p.(A141E)	117
p.(A141Y)	138
p.(A142C)	118
p.(A142D)	162
p.(A142S)	142
p.(A142Q)	107
p.(A142M)	220
p.(A142N)	145
p.(A142P)	116
p.(A142K)	131
p.(A142T)	509
p.(A142F)	126
p.(A142A)	180
p.(A142G)	141
p.(A142I)	110
p.(A142L)	113
p.(A142H)	80
p.(A142R)	91
p.(A142W)	160
p.(A142V)	227
p.(A142E)	112
p.(A142Y)	158
p.(N143C)	171
p.(N143D)	100
p.(N143S)	128
p.(N143Q)	212
p.(N143M)	144
p.(N143P)	188
p.(N143K)	183
p.(N143T)	118
p.(N143F)	155
p.(N143A)	170
p.(N143G)	160
p.(N143I)	87
p.(N143L)	147
p.(N143H)	124
p.(N143R)	167
p.(N143W)	129
p.(N143V)	183
p.(N143E)	190
p.(N143Y)	124
p.(S144C)	184
p.(S144D)	138
p.(S144S)	171
p.(S144Q)	117
p.(S144M)	155
p.(S144N)	165
p.(S144P)	176
p.(S144K)	86
p.(S144T)	134
p.(S144F)	151
p.(S144A)	123
p.(S144G)	113
p.(S144I)	81
p.(S144L)	142
p.(S144H)	133
p.(S144R)	126
p.(S144W)	152
p.(S144V)	108
p.(S144E)	116
p.(S144Y)	185
p.(V145C)	159
p.(V145D)	217
p.(V145S)	159
p.(V145Q)	102
p.(V145M)	134
p.(V145N)	156
p.(V145P)	156
p.(V145K)	115
p.(V145T)	142
p.(V145F)	134
p.(V145A)	123
p.(V145G)	134
p.(V145I)	151
p.(V145L)	127
p.(V145H)	143
p.(V145R)	130
p.(V145W)	138
p.(V145V)	172
p.(V145E)	131
p.(V145Y)	162
p.(V146C)	140
p.(V146D)	133
p.(V146S)	143
p.(V146Q)	158
p.(V146M)	169
p.(V146N)	110
p.(V146P)	90
p.(V146K)	82
p.(V146T)	147
p.(V146F)	143
p.(V146A)	105
p.(V146G)	135
p.(V146I)	148
p.(V146L)	122
p.(V146H)	137
p.(V146R)	93
p.(V146W)	114
p.(V146V)	218
p.(V146E)	188
p.(V146Y)	152
p.(V147C)	192
p.(V147D)	95
p.(V147S)	109
p.(V147Q)	153
p.(V147M)	116
p.(V147N)	131
p.(V147P)	135
p.(V147K)	80
p.(V147T)	144
p.(V147F)	173
p.(V147A)	143
p.(V147G)	147
p.(V147I)	105
p.(V147L)	118
p.(V147H)	114
p.(V147R)	147
p.(V147W)	138
p.(V147E)	124
p.(V147Y)	134
p.(K148C)	215
p.(K148D)	151
p.(K148S)	104
p.(K148Q)	139
p.(K148M)	150
p.(K148N)	117
p.(K148P)	118
p.(K148K)	153
p.(K148T)	125
p.(K148F)	175
p.(K148A)	168
p.(K148G)	151
p.(K148I)	143
p.(K148L)	170
p.(K148H)	122
p.(K148R)	170
p.(K148W)	160
p.(K148V)	163
p.(K148E)	115
p.(K148Y)	182
p.(D149C)	170
p.(D149D)	189
p.(D149S)	109
p.(D149Q)	118
p.(D149M)	104
p.(D149N)	132
p.(D149P)	60
p.(D149K)	117
p.(D149T)	114
p.(D149F)	105
p.(D149A)	137
p.(D149G)	157
p.(D149I)	69
p.(D149L)	3
p.(D149H)	145
p.(D149R)	154
p.(D149W)	116
p.(D149V)	105
p.(D149E)	148
p.(D149Y)	170
p.(I150C)	119
p.(I150D)	72
p.(I150S)	108
p.(I150Q)	150
p.(I150M)	126
p.(I150N)	166
p.(I150P)	107
p.(I150K)	64
p.(I150T)	109
p.(I150F)	176
p.(I150A)	103
p.(I150G)	118
p.(I150I)	120
p.(I150L)	112
p.(I150H)	123
p.(I150R)	151
p.(I150W)	153
p.(I150V)	86
p.(I150E)	124
p.(I150Y)	134
p.(A151C)	148
p.(A151D)	124
p.(A151S)	146
p.(A151Q)	150
p.(A151M)	206
p.(A151N)	132
p.(A151P)	127
p.(A151K)	100
p.(A151T)	160
p.(A151F)	152
p.(A151G)	153
p.(A151I)	101
p.(A151L)	127
p.(A151H)	171
p.(A151R)	95
p.(A151W)	141
p.(A151V)	101
p.(A151E)	122
p.(A151Y)	102
p.(P152C)	120
p.(P152D)	117
p.(P152S)	243
p.(P152Q)	150
p.(P152M)	87
p.(P152N)	104
p.(P152P)	138
p.(P152K)	106
p.(P152T)	145
p.(P152F)	122
p.(P152A)	155
p.(P152G)	165
p.(P152I)	154
p.(P152L)	123
p.(P152H)	114
p.(P152R)	152
p.(P152W)	152
p.(P152V)	181
p.(P152E)	105
p.(P152Y)	131
p.(Y153C)	213
p.(Y153D)	133
p.(Y153S)	121
p.(Y153Q)	136
p.(Y153M)	142
p.(Y153N)	86
p.(Y153P)	160
p.(Y153K)	158
p.(Y153T)	94
p.(Y153F)	148
p.(Y153A)	128
p.(Y153G)	120
p.(Y153I)	85
p.(Y153L)	129
p.(Y153H)	306
p.(Y153R)	122
p.(Y153W)	145
p.(Y153V)	83
p.(Y153E)	134
p.(M154C)	115
p.(M154D)	146
p.(M154S)	108
p.(M154Q)	130
p.(M154N)	106
p.(M154P)	175
p.(M154K)	106
p.(M154T)	174
p.(M154F)	156
p.(M154A)	187
p.(M154G)	128
p.(M154I)	171
p.(M154L)	147
p.(M154H)	122
p.(M154R)	159
p.(M154W)	177
p.(M154V)	158
p.(M154E)	125
p.(M154Y)	140
p.(L155C)	140
p.(L155D)	159
p.(L155S)	113
p.(L155Q)	83
p.(L155M)	131
p.(L155N)	107
p.(L155P)	57
p.(L155K)	182
p.(L155T)	187
p.(L155F)	159
p.(L155A)	89
p.(L155G)	117
p.(L155I)	122
p.(L155L)	155
p.(L155H)	116
p.(L155R)	143
p.(L155W)	178
p.(L155V)	151
p.(L155E)	128
p.(L155Y)	136
p.(A156C)	142
p.(A156D)	138
p.(A156S)	126
p.(A156Q)	135
p.(A156M)	100
p.(A156N)	151
p.(A156P)	119
p.(A156K)	122
p.(A156T)	120
p.(A156F)	147
p.(A156G)	138
p.(A156I)	98
p.(A156L)	146
p.(A156H)	124
p.(A156R)	131
p.(A156W)	151
p.(A156V)	182
p.(A156E)	136
p.(A156Y)	123
p.(G157C)	163
p.(G157D)	97
p.(G157S)	113
p.(G157Q)	111
p.(G157M)	148
p.(G157N)	77
p.(G157P)	113
p.(G157K)	70
p.(G157T)	127
p.(G157F)	145
p.(G157A)	81
p.(G157G)	174
p.(G157I)	89
p.(G157L)	104
p.(G157H)	113
p.(G157R)	100
p.(G157W)	128
p.(G157V)	121
p.(G157E)	85
p.(G157Y)	115
p.(G158C)	92
p.(G158D)	103
p.(G158S)	108
p.(G158Q)	93
p.(G158M)	118
p.(G158N)	91
p.(G158P)	169
p.(G158K)	115
p.(G158T)	70
p.(G158F)	100
p.(G158A)	90
p.(G158G)	135
p.(G158I)	116
p.(G158L)	116
p.(G158H)	132
p.(G158R)	101
p.(G158W)	132
p.(G158V)	161
p.(G158E)	174
p.(G158Y)	148
p.(N159C)	127
p.(N159D)	94
p.(N159S)	169
p.(N159Q)	148
p.(N159M)	154
p.(N159N)	160
p.(N159P)	95
p.(N159K)	78
p.(N159T)	153
p.(N159F)	122
p.(N159A)	104
p.(N159G)	146
p.(N159I)	0
p.(N159L)	99
p.(N159H)	139
p.(N159R)	113
p.(N159W)	126
p.(N159V)	108
p.(N159E)	94
p.(N159Y)	151
p.(P160C)	135
p.(P160D)	149
p.(P160S)	88
p.(P160Q)	81
p.(P160M)	110
p.(P160N)	92
p.(P160P)	161
p.(P160K)	110
p.(P160T)	127
p.(P160F)	106
p.(P160A)	122
p.(P160G)	109
p.(P160I)	127
p.(P160L)	103
p.(P160H)	60
p.(P160R)	62
p.(P160W)	149
p.(P160V)	121
p.(P160E)	92
p.(P160Y)	134
p.(A161C)	152
p.(A161D)	63
p.(A161S)	109
p.(A161Q)	92
p.(A161M)	122
p.(A161N)	84
p.(A161P)	135
p.(A161K)	99
p.(A161T)	98
p.(A161F)	121
p.(A161A)	175
p.(A161G)	128
p.(A161I)	92
p.(A161L)	125
p.(A161H)	112
p.(A161R)	105
p.(A161W)	125
p.(A161V)	157
p.(A161E)	97
p.(A161Y)	119
p.(N162C)	98
p.(N162D)	169
p.(N162S)	116
p.(N162Q)	118
p.(N162M)	91
p.(N162N)	222
p.(N162P)	90
p.(N162K)	152
p.(N162T)	112
p.(N162F)	112
p.(N162A)	84
p.(N162G)	131
p.(N162I)	120
p.(N162L)	128
p.(N162H)	116
p.(N162R)	156
p.(N162W)	146
p.(N162V)	121
p.(N162E)	190
p.(N162Y)	134
p.(E163C)	168
p.(E163D)	141
p.(E163S)	85
p.(E163Q)	109
p.(E163M)	165
p.(E163N)	70
p.(E163P)	175
p.(E163K)	94
p.(E163T)	98
p.(E163F)	162
p.(E163A)	119
p.(E163G)	133
p.(E163I)	128
p.(E163L)	143
p.(E163H)	122
p.(E163R)	128
p.(E163W)	157
p.(E163V)	152
p.(E163Y)	122
p.(I164C)	168
p.(I164D)	163
p.(I164S)	103
p.(I164Q)	114
p.(I164M)	166
p.(I164N)	81
p.(I164P)	145
p.(I164K)	138
p.(I164T)	130
p.(I164F)	119
p.(I164A)	135
p.(I164G)	122
p.(I164I)	140
p.(I164L)	93
p.(I164H)	82
p.(I164R)	130
p.(I164W)	134
p.(I164V)	141
p.(I164E)	121
p.(I164Y)	125
p.(K165C)	149
p.(K165D)	95
p.(K165S)	147
p.(K165Q)	180
p.(K165M)	126
p.(K165N)	69
p.(K165P)	134
p.(K165T)	149
p.(K165F)	146
p.(K165A)	182
p.(K165G)	161
p.(K165I)	110
p.(K165L)	208
p.(K165H)	133
p.(K165R)	198
p.(K165W)	123
p.(K165V)	184
p.(K165E)	153
p.(K165Y)	146
p.(Q166C)	158
p.(Q166D)	136
p.(Q166S)	99
p.(Q166M)	121
p.(Q166N)	144
p.(Q166P)	160
p.(Q166K)	95
p.(Q166T)	110
p.(Q166F)	143
p.(Q166A)	76
p.(Q166G)	144
p.(Q166I)	114
p.(Q166L)	104
p.(Q166H)	69
p.(Q166R)	69
p.(Q166W)	161
p.(Q166V)	89
p.(Q166E)	159
p.(Q166Y)	88
p.(R167C)	136
p.(R167D)	124
p.(R167S)	87
p.(R167Q)	45
p.(R167M)	114
p.(R167N)	111
p.(R167P)	86
p.(R167K)	63
p.(R167T)	92
p.(R167F)	124
p.(R167A)	118
p.(R167G)	82
p.(R167I)	83
p.(R167L)	76
p.(R167H)	132
p.(R167R)	101
p.(R167W)	97
p.(R167V)	97
p.(R167E)	101
p.(R167Y)	106
p.(F168C)	98
p.(F168D)	83
p.(F168S)	130
p.(F168Q)	111
p.(F168M)	113
p.(F168N)	112
p.(F168P)	121
p.(F168K)	125
p.(F168T)	89
p.(F168A)	85
p.(F168G)	121
p.(F168I)	101
p.(F168L)	112
p.(F168H)	92
p.(F168R)	85
p.(F168W)	104
p.(F168V)	140
p.(F168E)	161
p.(F168Y)	78
p.(V127_I128insG)	93
p.(V127_I128insGS)	140
p.(V127_I128insGSG)	75
p.(I128_M129insG)	93
p.(I128_M129insGS)	118
p.(I128_M129insGSG)	53
p.(M129_P130insG)	150
p.(M129_P130insGS)	125
p.(M129_P130insGSG)	56
p.(P130_G131insG)	163
p.(P130_G131insGS)	201
p.(P130_G131insGSG)	67
p.(G131_V132insGS)	151
p.(G131_V132insGSG)	104
p.(V132_K133insG)	160
p.(V132_K133insGS)	167
p.(V132_K133insGSG)	95
p.(K133_I134insG)	93
p.(K133_I134insGS)	188
p.(K133_I134insGSG)	74
p.(I134_G135insG)	120
p.(I134_G135insGS)	134
p.(I134_G135insGSG)	67
p.(G135_D136insG)	119
p.(G135_D136insGS)	203
p.(G135_D136insGSG)	62
p.(D136_G137insG)	91
p.(D136_G137insGS)	184
p.(D136_G137insGSG)	102
p.(G137_A138insG)	78
p.(G137_A138insGS)	167
p.(A138_I139insG)	88
p.(A138_I139insGS)	163
p.(A138_I139insGSG)	73
p.(I139_V140insG)	61
p.(I139_V140insGS)	168
p.(I139_V140insGSG)	80
p.(V140_A141insG)	128
p.(V140_A141insGS)	183
p.(V140_A141insGSG)	54
p.(A141_A142insG)	92
p.(A141_A142insGS)	152
p.(A141_A142insGSG)	58
p.(A142_N143insG)	72
p.(A142_N143insGS)	151
p.(A142_N143insGSG)	82
p.(N143_S144insG)	82
p.(N143_S144insGS)	226
p.(N143_S144insGSG)	50
p.(S144_V145insG)	85
p.(S144_V145insGS)	203
p.(S144_V145insGSG)	72
p.(V145_V146insG)	102
p.(V145_V146insGS)	119
p.(V145_V146insGSG)	59
p.(V146_V147insG)	92
p.(V146_V147insGS)	112
p.(V146_V147insGSG)	52
p.(V147_K148insG)	105
p.(V147_K148insGS)	132
p.(V147_K148insGSG)	49
p.(K148_D149insG)	102
p.(K148_D149insGS)	184
p.(K148_D149insGSG)	49
p.(D149_I150insG)	58
p.(D149_I150insGS)	140
p.(D149_I150insGSG)	76
p.(I150_A151insG)	105
p.(I150_A151insGS)	129
p.(I150_A151insGSG)	84
p.(A151_P152insG)	62
p.(A151_P152insGS)	198
p.(A151_P152insGSG)	64
p.(P152_Y153insG)	103
p.(P152_Y153insGS)	168
p.(P152_Y153insGSG)	75
p.(Y153_M154insG)	110
p.(Y153_M154insGS)	111
p.(Y153_M154insGSG)	78
p.(M154_L155insG)	74
p.(M154_L155insGS)	121
p.(M154_L155insGSG)	85
p.(L155_A156insG)	114
p.(L155_A156insGS)	163
p.(L155_A156insGSG)	53
p.(A156_G157insG)	98
p.(A156_G157insGS)	164
p.(A156_G157insGSG)	54
p.(G157_G158insG)	89
p.(G157_G158insGS)	128
p.(G158_N159insG)	95
p.(G158_N159insGS)	168
p.(G158_N159insGSG)	64
p.(N159_P160insG)	99
p.(N159_P160insGS)	144
p.(N159_P160insGSG)	55
p.(P160_A161insG)	81
p.(P160_A161insGS)	187
p.(P160_A161insGSG)	49
p.(A161_N162insG)	138
p.(A161_N162insGS)	174
p.(A161_N162insGSG)	76
p.(N162_E163insG)	134
p.(N162_E163insGS)	131
p.(N162_E163insGSG)	66
p.(E163_I164insG)	67
p.(E163_I164insGS)	110
p.(E163_I164insGSG)	59
p.(I164_K165insG)	90
p.(I164_K165insGS)	114
p.(I164_K165insGSG)	85
p.(K165_Q166insG)	77
p.(K165_Q166insGS)	93
p.(K165_Q166insGSG)	59
p.(Q166_R167insG)	74
p.(Q166_R167insGS)	99
p.(Q166_R167insGSG)	45
p.(R167_F168insG)	69
p.(R167_F168insGS)	124
p.(R167_F168insGSG)	93
p.(F168_D169insG)	156
p.(F168_D169insGS)	239
p.(F168_D169insGSG)	180
p.(V127del)	71
p.(V127_I128del)	169
p.(V127_M129del)	180
p.(I128del)	180
p.(I128_M129del)	233
p.(I128_P130del)	162
p.(M129del)	77
p.(M129_P130del)	137
p.(M129_G131del)	229
p.(P130del)	107
p.(P130_G131del)	149
p.(P130_V132del)	155
p.(G131del)	109
p.(G131_V132del)	215
p.(G131_K133del)	260
p.(V132del)	111
p.(V132_K133del)	237
p.(V132_I134del)	201
p.(K133del)	144
p.(K133_I134del)	299
p.(K133_G135del)	178
p.(I134del)	115
p.(I134_G135del)	164
p.(I134_D136del)	139
p.(G135del)	132
p.(G135_D136del)	193
p.(G135_G137del)	245
p.(D136del)	107
p.(D136_G137del)	98
p.(D136_A138del)	171
p.(G137del)	69
p.(G137_A138del)	184
p.(G137_I139del)	194
p.(A138del)	97
p.(A138_I139del)	197
p.(A138_V140del)	376
p.(I139del)	87
p.(I139_V140del)	165
p.(V140del)	99
p.(V140_A141del)	183
p.(V140_A142del)	162
p.(A141del)	111
p.(A141_A142del)	210
p.(A141_N143del)	163
p.(A142del)	107
p.(A142_N143del)	227
p.(A142_S144del)	239
p.(N143del)	116
p.(N143_S144del)	187
p.(N143_V145del)	169
p.(S144del)	94
p.(S144_V145del)	154
p.(S144_V146del)	238
p.(V145del)	412
p.(V145_V146del)	315
p.(V145_V147del)	190
p.(V146del)	0
p.(V146_K148del)	179
p.(V147del)	4
p.(V147_K148del)	155
p.(V147_D149del)	179
p.(K148del)	109
p.(K148_D149del)	154
p.(K148_I150del)	181
p.(D149del)	42
p.(D149_I150del)	135
p.(D149_A151del)	166
p.(I150del)	99
p.(I150_A151del)	101
p.(I150_P152del)	178
p.(A151del)	71
p.(A151_P152del)	114
p.(A151_Y153del)	213
p.(P152del)	113
p.(P152_Y153del)	154
p.(P152_M154del)	146
p.(Y153del)	92
p.(Y153_M154del)	176
p.(Y153_L155del)	186
p.(M154del)	80
p.(M154_L155del)	145
p.(M154_A156del)	144
p.(L155del)	76
p.(L155_A156del)	141
p.(L155_G157del)	163
p.(A156del)	143
p.(A156_G157del)	152
p.(A156_G158del)	159
p.(G157del)	122
p.(G157_G158del)	103
p.(G157_N159del)	133
p.(G158del)	58
p.(G158_N159del)	116
p.(G158_P160del)	157
p.(N159del)	88
p.(N159_P160del)	141
p.(N159_A161del)	362
p.(P160del)	89
p.(P160_A161del)	193
p.(A161del)	116
p.(A161_N162del)	167
p.(A161_E163del)	164
p.(N162del)	102
p.(N162_E163del)	238
p.(N162_I164del)	211
p.(E163del)	151
p.(E163_I164del)	122
p.(E163_K165del)	177
p.(I164del)	95
p.(I164_K165del)	264
p.(I164_Q166del)	251
p.(K165del)	116
p.(K165_Q166del)	202
p.(K165_R167del)	230
p.(Q166del)	89
p.(Q166_R167del)	129
p.(Q166_F168del)	147
p.(R167del)	74
p.(R167_F168del)	168
p.(R167_D169del)	207
p.(F168del)	134
p.(F168_D169del)	120
p.(F168_Q170del)	199
p.(D169C)	138
p.(D169S)	172
p.(D169Q)	204
p.(D169M)	242
p.(D169N)	190
p.(D169P)	168
p.(D169K)	149
p.(D169T)	168
p.(D169F)	140
p.(D169A)	202
p.(D169G)	192
p.(D169I)	125
p.(D169L)	144
p.(D169H)	115
p.(D169R)	138
p.(D169W)	155
p.(D169V)	212
p.(D169E)	142
p.(D169Y)	231
p.(Q170C)	195
p.(Q170D)	210
p.(Q170S)	214
p.(Q170Q)	189
p.(Q170M)	242
p.(Q170N)	171
p.(Q170P)	103
p.(Q170K)	177
p.(Q170T)	153
p.(Q170F)	186
p.(Q170A)	214
p.(Q170G)	199
p.(Q170I)	165
p.(Q170L)	188
p.(Q170H)	214
p.(Q170R)	214
p.(Q170W)	127
p.(Q170V)	146
p.(Q170E)	198
p.(Q170Y)	182
p.(D171C)	189
p.(D171D)	225
p.(D171S)	217
p.(D171Q)	116
p.(D171M)	173
p.(D171N)	167
p.(D171P)	251
p.(D171K)	125
p.(D171T)	150
p.(D171F)	248
p.(D171A)	170
p.(D171G)	141
p.(D171I)	228
p.(D171L)	140
p.(D171H)	129
p.(D171R)	109
p.(D171W)	193
p.(D171V)	189
p.(D171E)	218
p.(D171Y)	195
p.(T172C)	148
p.(T172D)	224
p.(T172S)	184
p.(T172Q)	128
p.(T172M)	157
p.(T172N)	157
p.(T172P)	112
p.(T172K)	122
p.(T172T)	225
p.(T172F)	141
p.(T172A)	218
p.(T172G)	131
p.(T172I)	170
p.(T172L)	120
p.(T172H)	148
p.(T172R)	145
p.(T172W)	157
p.(T172V)	140
p.(T172E)	122
p.(T172Y)	154
p.(I173C)	120
p.(I173D)	115
p.(I173S)	177
p.(I173Q)	130
p.(I173M)	164
p.(I173N)	138
p.(I173P)	193
p.(I173K)	97
p.(I173T)	171
p.(I173F)	97
p.(I173A)	114
p.(I173G)	148
p.(I173I)	165
p.(I173L)	160
p.(I173H)	194
p.(I173R)	113
p.(I173W)	161
p.(I173V)	204
p.(I173E)	145
p.(I173Y)	146
p.(N174C)	125
p.(N174D)	192
p.(N174S)	120
p.(N174Q)	147
p.(N174M)	119
p.(N174N)	141
p.(N174P)	110
p.(N174K)	137
p.(N174T)	129
p.(N174F)	157
p.(N174A)	146
p.(N174G)	149
p.(N174I)	172
p.(N174L)	94
p.(N174H)	116
p.(N174R)	110
p.(N174W)	137
p.(N174V)	160
p.(N174E)	145
p.(N174Y)	165
p.(Q175C)	172
p.(Q175D)	150
p.(Q175S)	111
p.(Q175M)	100
p.(Q175N)	80
p.(Q175P)	123
p.(Q175K)	146
p.(Q175T)	104
p.(Q175F)	117
p.(Q175A)	135
p.(Q175G)	117
p.(Q175I)	118
p.(Q175L)	156
p.(Q175H)	137
p.(Q175R)	101
p.(Q175W)	84
p.(Q175V)	171
p.(Q175E)	188
p.(Q175Y)	82
p.(L176C)	132
p.(L176D)	180
p.(L176S)	133
p.(L176Q)	148
p.(L176M)	89
p.(L176N)	131
p.(L176P)	122
p.(L176K)	170
p.(L176T)	115
p.(L176F)	110
p.(L176A)	174
p.(L176G)	143
p.(L176I)	98
p.(L176L)	129
p.(L176H)	122
p.(L176R)	117
p.(L176W)	136
p.(L176V)	124
p.(L176E)	117
p.(L176Y)	118
p.(L177C)	149
p.(L177D)	65
p.(L177S)	132
p.(L177Q)	94
p.(L177M)	149
p.(L177N)	95
p.(L177P)	128
p.(L177K)	111
p.(L177T)	120
p.(L177F)	175
p.(L177A)	142
p.(L177G)	135
p.(L177I)	90
p.(L177L)	124
p.(L177H)	106
p.(L177R)	132
p.(L177W)	170
p.(L177V)	112
p.(L177E)	115
p.(L177Y)	122
p.(D178C)	115
p.(D178D)	86
p.(D178S)	126
p.(D178Q)	74
p.(D178M)	110
p.(D178N)	132
p.(D178P)	69
p.(D178K)	99
p.(D178T)	102
p.(D178F)	145
p.(D178A)	121
p.(D178G)	101
p.(D178I)	118
p.(D178L)	128
p.(D178H)	90
p.(D178R)	149
p.(D178W)	139
p.(D178V)	76
p.(D178E)	101
p.(D178Y)	119
p.(I179C)	100
p.(I179D)	116
p.(I179S)	105
p.(I179Q)	138
p.(I179M)	145
p.(I179N)	108
p.(I179P)	110
p.(I179K)	126
p.(I179T)	144
p.(I179F)	93
p.(I179A)	130
p.(I179G)	107
p.(I179I)	116
p.(I179L)	101
p.(I179H)	113
p.(I179R)	59
p.(I179W)	125
p.(I179V)	114
p.(I179E)	122
p.(I179Y)	156
p.(K180C)	123
p.(K180D)	89
p.(K180S)	147
p.(K180Q)	118
p.(K180M)	124
p.(K180N)	73
p.(K180P)	116
p.(K180K)	110
p.(K180T)	114
p.(K180F)	84
p.(K180A)	151
p.(K180G)	140
p.(K180I)	97
p.(K180L)	73
p.(K180H)	108
p.(K180R)	153
p.(K180W)	130
p.(K180V)	119
p.(K180E)	173
p.(K180Y)	99
p.(W181C)	78
p.(W181D)	125
p.(W181S)	147
p.(W181Q)	86
p.(W181M)	86
p.(W181N)	116
p.(W181P)	126
p.(W181K)	108
p.(W181T)	80
p.(W181F)	101
p.(W181A)	116
p.(W181G)	91
p.(W181I)	120
p.(W181L)	90
p.(W181H)	110
p.(W181R)	107
p.(W181V)	134
p.(W181E)	54
p.(W181Y)	80
p.(W182C)	116
p.(W182D)	101
p.(W182S)	142
p.(W182Q)	89
p.(W182M)	120
p.(W182N)	118
p.(W182P)	161
p.(W182K)	92
p.(W182T)	86
p.(W182F)	97
p.(W182A)	77
p.(W182G)	77
p.(W182I)	86
p.(W182L)	100
p.(W182H)	89
p.(W182R)	94
p.(W182V)	79
p.(W182E)	77
p.(W182Y)	87
p.(N183C)	127
p.(N183D)	124
p.(N183S)	119
p.(N183Q)	96
p.(N183M)	139
p.(N183P)	86
p.(N183K)	89
p.(N183T)	121
p.(N183F)	79
p.(N183A)	94
p.(N183G)	108
p.(N183I)	92
p.(N183L)	99
p.(N183H)	101
p.(N183R)	69
p.(N183W)	88
p.(N183V)	92
p.(N183E)	100
p.(N183Y)	101
p.(W184C)	80
p.(W184D)	61
p.(W184S)	114
p.(W184Q)	81
p.(W184M)	107
p.(W184N)	98
p.(W184P)	115
p.(W184K)	86
p.(W184T)	92
p.(W184F)	79
p.(W184A)	116
p.(W184G)	74
p.(W184I)	95
p.(W184L)	139
p.(W184H)	92
p.(W184R)	146
p.(W184V)	93
p.(W184E)	71
p.(W184Y)	90
p.(P185C)	139
p.(P185D)	133
p.(P185S)	88
p.(P185Q)	124
p.(P185M)	122
p.(P185N)	203
p.(P185P)	130
p.(P185K)	106
p.(P185T)	113
p.(P185F)	103
p.(P185A)	151
p.(P185G)	86
p.(P185I)	122
p.(P185L)	75
p.(P185H)	122
p.(P185R)	113
p.(P185W)	104
p.(P185V)	104
p.(P185E)	112
p.(P185Y)	82
p.(I186C)	80
p.(I186D)	85
p.(I186S)	75
p.(I186Q)	107
p.(I186M)	62
p.(I186N)	96
p.(I186P)	123
p.(I186K)	59
p.(I186T)	91
p.(I186F)	78
p.(I186A)	80
p.(I186G)	89
p.(I186L)	78
p.(I186H)	95
p.(I186R)	63
p.(I186W)	126
p.(I186V)	106
p.(I186E)	90
p.(I186Y)	82
p.(D187C)	109
p.(D187S)	81
p.(D187Q)	68
p.(D187M)	97
p.(D187N)	100
p.(D187P)	50
p.(D187K)	50
p.(D187T)	69
p.(D187F)	61
p.(D187A)	74
p.(D187G)	86
p.(D187I)	122
p.(D187L)	96
p.(D187H)	75
p.(D187R)	85
p.(D187W)	48
p.(D187V)	69
p.(D187E)	77
p.(D187Y)	70
p.(I188C)	120
p.(I188D)	62
p.(I188S)	62
p.(I188Q)	90
p.(I188M)	100
p.(I188N)	72
p.(I188P)	49
p.(I188K)	78
p.(I188T)	123
p.(I188F)	96
p.(I188A)	79
p.(I188G)	120
p.(I188I)	100
p.(I188L)	67
p.(I188H)	99
p.(I188R)	72
p.(I188W)	94
p.(I188V)	85
p.(I188E)	68
p.(I188Y)	69
p.(I189C)	103
p.(I189D)	124
p.(I189S)	58
p.(I189Q)	72
p.(I189M)	75
p.(I189N)	69
p.(I189P)	89
p.(I189K)	72
p.(I189T)	46
p.(I189F)	86
p.(I189A)	60
p.(I189G)	77
p.(I189I)	99
p.(I189L)	75
p.(I189H)	64
p.(I189R)	67
p.(I189W)	109
p.(I189V)	73
p.(I189E)	81
p.(I189Y)	60
p.(N190C)	63
p.(N190D)	71
p.(N190S)	76
p.(N190Q)	72
p.(N190M)	81
p.(N190N)	87
p.(N190P)	67
p.(N190K)	76
p.(N190T)	83
p.(N190F)	58
p.(N190A)	83
p.(N190G)	82
p.(N190I)	71
p.(N190L)	61
p.(N190H)	95
p.(N190R)	101
p.(N190W)	68
p.(N190V)	97
p.(N190E)	76
p.(N190Y)	98
p.(E191C)	69
p.(E191D)	84
p.(E191S)	91
p.(E191Q)	82
p.(E191M)	64
p.(E191N)	61
p.(E191P)	90
p.(E191K)	107
p.(E191T)	73
p.(E191F)	69
p.(E191A)	84
p.(E191G)	76
p.(E191I)	87
p.(E191L)	89
p.(E191H)	50
p.(E191R)	81
p.(E191W)	72
p.(E191V)	72
p.(E191E)	109
p.(E191Y)	67
p.(N192C)	60
p.(N192D)	45
p.(N192S)	58
p.(N192Q)	59
p.(N192M)	72
p.(N192N)	63
p.(N192P)	49
p.(N192K)	54
p.(N192T)	55
p.(N192F)	79
p.(N192A)	76
p.(N192G)	62
p.(N192I)	55
p.(N192L)	49
p.(N192H)	55
p.(N192R)	40
p.(N192W)	66
p.(N192V)	74
p.(N192E)	39
p.(N192Y)	69
p.(I193C)	102
p.(I193D)	23
p.(I193S)	78
p.(I193Q)	53
p.(I193M)	94
p.(I193N)	62
p.(I193P)	57
p.(I193K)	79
p.(I193T)	61
p.(I193F)	26
p.(I193A)	16
p.(I193G)	62
p.(I193I)	68
p.(I193L)	55
p.(I193H)	58
p.(I193R)	58
p.(I193W)	59
p.(I193V)	64
p.(I193E)	76
p.(I193Y)	60
p.(D194C)	68
p.(D194D)	89
p.(D194S)	65
p.(D194Q)	42
p.(D194M)	55
p.(D194N)	84
p.(D194P)	63
p.(D194K)	52
p.(D194T)	54
p.(D194F)	51
p.(D194A)	49
p.(D194G)	30
p.(D194I)	51
p.(D194L)	44
p.(D194H)	97
p.(D194R)	75
p.(D194W)	78
p.(D194V)	56
p.(D194E)	31
p.(D194Y)	103
p.(K195C)	79
p.(K195D)	95
p.(K195S)	56
p.(K195Q)	56
p.(K195M)	62
p.(K195N)	79
p.(K195P)	65
p.(K195K)	36
p.(K195T)	84
p.(K195F)	63
p.(K195A)	97
p.(K195G)	36
p.(K195I)	57
p.(K195L)	68
p.(K195H)	97
p.(K195V)	59
p.(K195E)	84
p.(K195Y)	103
p.(I196C)	59
p.(I196D)	41
p.(I196S)	63
p.(I196Q)	31
p.(I196M)	62
p.(I196N)	64
p.(I196P)	54
p.(I196K)	36
p.(I196T)	74
p.(I196F)	58
p.(I196A)	65
p.(I196G)	66
p.(I196I)	35
p.(I196L)	69
p.(I196H)	31
p.(I196R)	20
p.(I196W)	39
p.(I196V)	57
p.(I196E)	60
p.(I196Y)	54
p.(L197C)	50
p.(L197D)	31
p.(L197S)	51
p.(L197Q)	59
p.(L197M)	47
p.(L197N)	37
p.(L197P)	47
p.(L197K)	50
p.(L197T)	41
p.(L197F)	55
p.(L197A)	40
p.(L197G)	63
p.(L197I)	35
p.(L197L)	55
p.(L197H)	62
p.(L197R)	82
p.(L197W)	47
p.(L197V)	61
p.(L197E)	57
p.(L197Y)	40
p.(D198C)	49
p.(D198S)	35
p.(D198Q)	43
p.(D198M)	38
p.(D198N)	32
p.(D198P)	39
p.(D198K)	45
p.(D198T)	26
p.(D198F)	28
p.(D198A)	35
p.(D198G)	35
p.(D198I)	29
p.(D198L)	34
p.(D198H)	30
p.(D198R)	47
p.(D198W)	35
p.(D198V)	19
p.(D198E)	32
p.(D198Y)	59
p.(N199C)	43
p.(N199D)	29
p.(N199S)	32
p.(N199Q)	25
p.(N199M)	35
p.(N199N)	48
p.(N199P)	26
p.(N199K)	30
p.(N199T)	39
p.(N199F)	33
p.(N199A)	48
p.(N199G)	25
p.(N199I)	32
p.(N199L)	39
p.(N199H)	31
p.(N199R)	34
p.(N199W)	39
p.(N199V)	37
p.(N199E)	26
p.(N199Y)	52
p.(S200C)	46
p.(S200D)	44
p.(S200S)	49
p.(S200Q)	29
p.(S200M)	24
p.(S200N)	50
p.(S200P)	44
p.(S200K)	68
p.(S200T)	32
p.(S200F)	23
p.(S200A)	25
p.(S200G)	50
p.(S200I)	68
p.(S200L)	27
p.(S200H)	34
p.(S200R)	51
p.(S200W)	44
p.(S200V)	51
p.(S200E)	30
p.(S200Y)	37
p.(I201C)	20
p.(I201D)	46
p.(I201S)	48
p.(I201Q)	30
p.(I201M)	31
p.(I201N)	18
p.(I201P)	32
p.(I201K)	9
p.(I201T)	25
p.(I201F)	27
p.(I201A)	40
p.(I201G)	21
p.(I201I)	27
p.(I201L)	29
p.(I201H)	33
p.(I201R)	24
p.(I201V)	31
p.(I201E)	13
p.(I201Y)	22
p.(I202C)	29
p.(I202D)	6
p.(I202S)	33
p.(I202Q)	28
p.(I202M)	35
p.(I202N)	32
p.(I202P)	23
p.(I202K)	25
p.(I202T)	17
p.(I202F)	32
p.(I202A)	27
p.(I202G)	15
p.(I202I)	18
p.(I202L)	24
p.(I202H)	19
p.(I202R)	22
p.(I202W)	32
p.(I202V)	21
p.(I202E)	24
p.(I202Y)	18
p.(R203C)	35
p.(R203D)	25
p.(R203S)	42
p.(R203Q)	25
p.(R203M)	35
p.(R203N)	29
p.(R203P)	35
p.(R203K)	12
p.(R203T)	37
p.(R203F)	32
p.(R203A)	22
p.(R203G)	26
p.(R203I)	29
p.(R203L)	47
p.(R203H)	28
p.(R203R)	34
p.(R203W)	26
p.(R203V)	26
p.(R203E)	44
p.(R203Y)	17
p.(E204C)	42
p.(E204D)	20
p.(E204S)	31
p.(E204Q)	34
p.(E204M)	30
p.(E204N)	17
p.(E204P)	21
p.(E204K)	16
p.(E204T)	29
p.(E204F)	15
p.(E204A)	24
p.(E204G)	38
p.(E204I)	17
p.(E204L)	35
p.(E204H)	24
p.(E204R)	24
p.(E204W)	21
p.(E204V)	26
p.(E204Y)	20
p.(V205C)	25
p.(V205D)	10
p.(V205S)	18
p.(V205Q)	17
p.(V205M)	13
p.(V205N)	17
p.(V205P)	18
p.(V205K)	9
p.(V205T)	25
p.(V205F)	20
p.(V205A)	22
p.(V205G)	22
p.(V205I)	18
p.(V205L)	20
p.(V205H)	26
p.(V205R)	18
p.(V205W)	32
p.(V205V)	13
p.(V205E)	12
p.(V205Y)	15
p.(I206C)	33
p.(I206D)	19
p.(I206S)	14
p.(I206Q)	13
p.(I206M)	24
p.(I206N)	26
p.(I206P)	15
p.(I206K)	23
p.(I206T)	36
p.(I206F)	13
p.(I206A)	26
p.(I206G)	29
p.(I206I)	30
p.(I206L)	51
p.(I206H)	27
p.(I206R)	29
p.(I206W)	30
p.(I206V)	25
p.(I206E)	14
p.(I206Y)	39
p.(W207C)	31
p.(W207D)	17
p.(W207S)	9
p.(W207Q)	10
p.(W207M)	14
p.(W207N)	8
p.(W207P)	13
p.(W207K)	18
p.(W207T)	20
p.(W207F)	18
p.(W207A)	19
p.(W207G)	14
p.(W207I)	15
p.(W207L)	31
p.(W207H)	7
p.(W207R)	19
p.(W207V)	17
p.(W207E)	13
p.(W207Y)	16
p.(K208C)	32
p.(K208D)	45
p.(K208S)	48
p.(K208Q)	11
p.(K208M)	27
p.(K208N)	21
p.(K208P)	26
p.(K208K)	25
p.(K208T)	29
p.(K208F)	13
p.(K208A)	27
p.(K208G)	26
p.(K208I)	26
p.(K208L)	13
p.(K208H)	20
p.(K208R)	18
p.(K208W)	27
p.(K208V)	52
p.(K208E)	22
p.(K208Y)	55
p.(K209C)	24
p.(K209D)	20
p.(K209S)	15
p.(K209Q)	14
p.(K209M)	10
p.(K209N)	13
p.(K209P)	26
p.(K209T)	12
p.(K209F)	9
p.(K209A)	21
p.(K209G)	19
p.(K209I)	9
p.(K209L)	22
p.(K209H)	9
p.(K209R)	13
p.(K209W)	12
p.(K209V)	26
p.(K209E)	23
p.(K209Y)	14
p.(D169_Q170insG)	132
p.(D169_Q170insGS)	210
p.(D169_Q170insGSG)	123
p.(Q170_D171insG)	165
p.(Q170_D171insGS)	170
p.(Q170_D171insGSG)	97
p.(D171_T172insG)	171
p.(D171_T172insGS)	174
p.(D171_T172insGSG)	118
p.(T172_I173insG)	133
p.(T172_I173insGS)	222
p.(T172_I173insGSG)	90
p.(I173_N174insG)	126
p.(I173_N174insGS)	147
p.(I173_N174insGSG)	133
p.(N174_Q175insG)	134
p.(N174_Q175insGS)	165
p.(N174_Q175insGSG)	83
p.(Q175_L176insG)	110
p.(Q175_L176insGS)	114
p.(Q175_L176insGSG)	76
p.(L176_L177insG)	87
p.(L176_L177insGS)	105
p.(L176_L177insGSG)	138
p.(L177_D178insG)	110
p.(L177_D178insGS)	162
p.(L177_D178insGSG)	120
p.(D178_I179insG)	91
p.(D178_I179insGS)	136
p.(D178_I179insGSG)	114
p.(I179_K180insG)	72
p.(I179_K180insGS)	139
p.(I179_K180insGSG)	128
p.(K180_W181insG)	70
p.(K180_W181insGS)	106
p.(K180_W181insGSG)	61
p.(W181_W182insG)	91
p.(W181_W182insGS)	87
p.(W181_W182insGSG)	87
p.(W182_N183insG)	60
p.(W182_N183insGS)	126
p.(W182_N183insGSG)	82
p.(N183_W184insG)	116
p.(N183_W184insGS)	138
p.(N183_W184insGSG)	39
p.(W184_P185insG)	87
p.(W184_P185insGS)	85
p.(W184_P185insGSG)	91
p.(P185_I186insG)	82
p.(P185_I186insGS)	125
p.(P185_I186insGSG)	49
p.(I186_D187insG)	88
p.(I186_D187insGS)	111
p.(I186_D187insGSG)	77
p.(D187_I188insG)	56
p.(D187_I188insGS)	91
p.(D187_I188insGSG)	68
p.(I188_I189insG)	65
p.(I188_I189insGS)	90
p.(I188_I189insGSG)	58
p.(I189_N190insG)	47
p.(I189_N190insGS)	123
p.(I189_N190insGSG)	73
p.(N190_E191insG)	46
p.(N190_E191insGS)	75
p.(N190_E191insGSG)	48
p.(E191_N192insG)	82
p.(E191_N192insGS)	65
p.(E191_N192insGSG)	64
p.(N192_I193insG)	78
p.(N192_I193insGS)	109
p.(N192_I193insGSG)	49
p.(I193_D194insG)	47
p.(I193_D194insGS)	112
p.(I193_D194insGSG)	45
p.(D194_K195insG)	44
p.(D194_K195insGS)	67
p.(D194_K195insGSG)	38
p.(K195_I196insG)	69
p.(K195_I196insGS)	45
p.(K195_I196insGSG)	37
p.(I196_L197insG)	49
p.(I196_L197insGS)	64
p.(I196_L197insGSG)	52
p.(L197_D198insG)	30
p.(L197_D198insGS)	44
p.(L197_D198insGSG)	29
p.(D198_N199insG)	30
p.(D198_N199insGS)	26
p.(D198_N199insGSG)	16
p.(N199_S200insG)	41
p.(N199_S200insGS)	23
p.(N199_S200insGSG)	44
p.(S200_I201insG)	11
p.(S200_I201insGS)	30
p.(S200_I201insGSG)	22
p.(I201_I202insG)	32
p.(I201_I202insGS)	35
p.(I201_I202insGSG)	32
p.(I202_R203insG)	29
p.(I202_R203insGS)	29
p.(I202_R203insGSG)	21
p.(R203_E204insG)	25
p.(R203_E204insGS)	22
p.(R203_E204insGSG)	22
p.(E204_V205insG)	19
p.(E204_V205insGS)	36
p.(E204_V205insGSG)	27
p.(V205_I206insG)	18
p.(V205_I206insGS)	22
p.(V205_I206insGSG)	14
p.(I206_W207insG)	12
p.(I206_W207insGS)	10
p.(I206_W207insGSG)	11
p.(W207_K208insG)	17
p.(W207_K208insGS)	19
p.(W207_K208insGSG)	4
p.(K208_K209insG)	19
p.(K208_K209insGS)	22
p.(K208_K209insGSG)	15
p.(D169del)	215
p.(D169_Q170del)	225
p.(D169_D171del)	141
p.(Q170del)	174
p.(Q170_D171del)	152
p.(Q170_T172del)	164
p.(D171del)	141
p.(D171_T172del)	191
p.(D171_I173del)	143
p.(T172del)	120
p.(T172_I173del)	111
p.(T172_N174del)	152
p.(I173del)	107
p.(I173_N174del)	223
p.(I173_Q175del)	157
p.(N174del)	104
p.(N174_Q175del)	191
p.(N174_L176del)	151
p.(Q175del)	141
p.(Q175_L176del)	161
p.(Q175_L177del)	155
p.(L176del)	80
p.(L176_L177del)	133
p.(L176_D178del)	114
p.(L177del)	160
p.(L177_D178del)	111
p.(L177_I179del)	111
p.(D178del)	164
p.(D178_I179del)	166
p.(D178_K180del)	113
p.(I179del)	97
p.(I179_K180del)	206
p.(I179_W181del)	120
p.(K180del)	75
p.(K180_W181del)	171
p.(K180_W182del)	107
p.(W181del)	175
p.(W181_W182del)	134
p.(W181_N183del)	253
p.(W182del)	0
p.(W182_N183del)	257
p.(N183del)	85
p.(N183_P185del)	164
p.(W184del)	94
p.(W184_P185del)	93
p.(W184_I186del)	163
p.(P185del)	153
p.(P185_I186del)	205
p.(P185_D187del)	98
p.(I186del)	86
p.(I186_D187del)	147
p.(I186_I188del)	223
p.(D187del)	76
p.(I188del)	180
p.(I188_I189del)	79
p.(I188_N190del)	81
p.(I189del)	0
p.(I189_N190del)	97
p.(I189_E191del)	96
p.(N190del)	122
p.(N190_E191del)	164
p.(N190_N192del)	69
p.(E191del)	108
p.(E191_I193del)	62
p.(N192del)	86
p.(N192_I193del)	55
p.(N192_D194del)	25
p.(I193del)	60
p.(I193_D194del)	85
p.(I193_K195del)	111
p.(D194del)	53
p.(D194_K195del)	58
p.(K195del)	62
p.(K195_I196del)	18
p.(K195_L197del)	46
p.(I196del)	66
p.(I196_L197del)	26
p.(I196_D198del)	37
p.(L197del)	34
p.(L197_D198del)	30
p.(L197_N199del)	45
p.(D198del)	26
p.(D198_N199del)	44
p.(D198_S200del)	35
p.(N199del)	29
p.(N199_S200del)	47
p.(N199_I201del)	49
p.(S200del)	29
p.(S200_I201del)	23
p.(S200_I202del)	33
p.(I201del)	49
p.(I201_I202del)	21
p.(I201_R203del)	41
p.(I202_R203del)	20
p.(I202_E204del)	20
p.(R203del)	29
p.(R203_E204del)	18
p.(R203_V205del)	28
p.(E204del)	11
p.(E204_V205del)	28
p.(E204_I206del)	23
p.(V205del)	10
p.(V205_I206del)	34
p.(V205_W207del)	23
p.(I206del)	20
p.(I206_W207del)	21
p.(I206_K208del)	21
p.(W207del)	7
p.(W207_K208del)	17
p.(W207_K209del)	0
p.(K208del)	21
p.(K208_K209del)	4
p.(K209del)	15
_wt	17862
